title,content,word_count,topic
कंप्यूटर सुरक्षा,"कंप्यूटर सुरक्षा (जिसे साइबर सुरक्षा, डिजिटल सुरक्षा या सूचना प्रौद्योगिकी (आईटी) सुरक्षा भी कहा जाता है) कंप्यूटर सॉफ़्टवेयर, प्रणालियों और नेटवर्क की उन खतरों से रक्षा करने के लिए है, जो अनधिकृत जानकारी के खुलासे, हार्डवेयर, सॉफ़्टवेयर या डेटा की चोरी (या क्षति) के साथ-साथ उनकी सेवाओं में व्यवधान या गलत दिशा में ले जाने का कारण बन सकते हैं।
यह क्षेत्र इसलिए महत्वपूर्ण है क्योंकि कंप्यूटर प्रणालियों, इंटरनेट और वायरलेस नेटवर्क मानकों पर बढ़ती निर्भरता है। यह स्मार्ट उपकरणों के विकास के कारण भी महत्वपूर्ण है, जिसमें स्मार्टफ़ोन, टेलीविज़न और इंटरनेट ऑफ थिंग्स (IoT) से जुड़े विभिन्न उपकरण शामिल हैं। सूचना प्रणालियों की जटिलता और उनके द्वारा समर्थित समाजों के कारण साइबर सुरक्षा समकालीन दुनिया के सामने सबसे महत्वपूर्ण नई चुनौतियों में से एक है। सुरक्षा उन प्रणालियों के लिए विशेष रूप से महत्वपूर्ण है जो बिजली वितरण, चुनाव और वित्त जैसे बड़े पैमाने पर काम करने वाली प्रणालियों को नियंत्रित करती हैं और जिनका व्यापक भौतिक प्रभाव होता है।
कंप्यूटर सुरक्षा के कई पहलू डिजिटल सुरक्षा से जुड़े होते हैं, जैसे इलेक्ट्रॉनिक पासवर्ड और एन्क्रिप्शन, लेकिन अनधिकृत छेड़छाड़ को रोकने के लिए अभी भी धातु के ताले जैसी भौतिक सुरक्षा उपायों का उपयोग किया जाता है। आईटी सुरक्षा सूचना सुरक्षा का एक सही उपसमुच्चय नहीं है, इसलिए यह सुरक्षा सम्मेलन योजना में पूरी तरह फिट नहीं होती।",219,साइबर
साइबर सुरक्षा जागरूकता,"साइबर सुरक्षा जागरूकता का मतलब यह है कि साइबर सुरक्षा के बारे में उपयोगकर्ताओं को कितना पता है कि उनके नेटवर्क को खतरा है और वे जो जोखिम पेश करते हैं।  अंतिम उपयोगकर्ताओं को एक नेटवर्क के भीतर सबसे कमजोर लिंक और प्राथमिक भेद्यता माना जाता है।  संगठन अपने नेटवर्क को बाहरी खतरों से बचाने और कमजोरियों को कम करने के लिए धन आवंटित करते हैं। अंत उपयोगकर्ता होने के नाते एक बड़ी भेद्यता है, सुरक्षा में सुधार करने के लिए तकनीकी साधन पर्याप्त नहीं हैं: संगठनों को साइबर सुरक्षा की व्यक्तिगत जागरूकता के लिए प्रशिक्षण भी देना चाहिए। उन्हें वर्तमान खतरों पर कर्मचारियों को शिक्षित करना चाहिए और उनसे कैसे बचना चाहिए।",113,साइबर
राष्ट्रीय सुरक्षा परिषद (भारत),भारत की राष्ट्रीय सुरक्षा परिषद एक कार्यकारी सरकारी एजेंसी है जिसे राष्ट्रीय सुरक्षा और रणनीतिक हित के मामलों पर प्रधानमंत्री कार्यालय को सलाह देने का काम सौंपा गया है। इसकी स्थापना भारत के पूर्व प्रधानमंत्री अटल बिहारी वाजपेयी ने १९ नवंबर १९९८ को ब्रजेश मिश्रा के साथ पहले राष्ट्रीय सुरक्षा सलाहकार के रूप में की थी। राष्ट्रीय सुरक्षा परिषद के गठन से पहले इन गतिविधियों की देखरेख पूर्ववर्ती प्रधानमंत्री के प्रधान सचिव द्वारा की जाती थी।,76,साइबर
साईबर अपराध,"साइबर अपराध  एक ऐसा अपराध है जिस में कंप्यूटर और नेटवर्क शामिल है। किसी भी कंप्यूटर का अपराधिक स्थान पर मिलना या कंप्यूटर से कोई अपराध करना कंप्यूटर अपराध कहलाता है। कंप्यूटर अपराध मे नेटवर्क शामिल नही होता है। किसी कि निजी जानकारी को प्राप्त करना और उसका गलत इस्तेमाल करना। किसी की भी निजी जानकारी कंप्यूटर से निकाल लेना या चोरी कर लेना भी साइबर अपराध है।
कंप्यूटर अपराध भी कई प्रकार से किये जाते है जैसे कि जानकारी चोरी करना, जानकारी मिटाना, जानकारी मे फेर बदल करना, किसी कि जानकारी को किसी और को देना या कंप्यूटर के भागो को चोरी करना या नष्ट करना। साइबर अपराध भी कई प्रकार के है जैसे कि स्पैम ईमेल, हैकिंग, फिशिंग, वायरस को डालना, किसी की जानकारी को ऑनलाइन प्राप्त करना या किसी पर हर वक़्त नजर रखना।",137,साइबर
वॉनाक्राय रैनसमवेयर हमला,"वॉनाक्राय रैनसमवेयर (अंग्रेज़ी:  WannaCry या  WanaCrypt0r 2.0) एक रैनसमवेयर मैलवेयर टूल है जिसका प्रयोग करते हुए मई 2017 में एक वैश्विक रैनसमवेयर हमला हुआ। रैनसम अंग्रेजी शब्द है जिसका अर्थ है- फिरौती। इस साइबर हमले के बाद संक्रमित कंप्यूटरों ने काम करना बंद कर दिया, उन्हें फिर से खोलने के लिए बिटकॉइन के रूप में 300-600 डॉलर तक की फिरौती की मांग की गई। प्रभावित संगठनों ने कंप्यूटर्स के लॉक होने और बिटकॉइन की मांग करने वाले स्क्रीनशॉट्स साझा किए हैं।
ब्रिटेन, अमेरिका, चीन, रूस, स्पेन, इटली, वियतनाम समेत कई अन्य देशों में रेनसमवेयर साइबर हमलों के समाचार प्राप्त हुए हैं। ब्रिटेन की नेशनल हेल्थ सर्विस भी इस हमले से प्रभावित हुई है। साइबर सुरक्षा शोधकर्ता के मुताबिक़ बिटकॉइन मांगने के 36 हज़ार मामलों का पता चला है।
हैकर्स ने अमेरिका की नैशनल सिक्यॉरिटी ऐजेंसी जैसी तकनीक का इस्तेमाल कर इतने बड़े पैमाने पर साइबर अटैक किया। माना जा रहा है कि अमेरिका की नैशनल सिक्यॉरिटी एजेंसी जिस तकनीक का इस्तेमाल करती थी वह इंटरनेट पर लीक हो गई थी और हैकर्स ने उसी तकनीक का इस्तेमाल किया है।
सुरक्षा शोध से जुड़ी एक संस्था ने रविवार को चेतावनी दी कि शुक्रवार को हुए वैश्विक हमले के बाद दूसरा बड़ा साइबर हमला 15 मई 2017 सोमवार को हो सकता है। ब्रिटेन के सुरक्षा शोधकर्ता 'मैलवेयर टेक' ने भविष्यवाणी की है कि दूसरा हमला सोमवार को होने की संभावना है। मैलवेयर टेक ने ही रैनसमवेयर हमले को सीमित करने में मदद की थी।",242,साइबर
साइबर-आतंकवाद,"साँचा:Terrorism
साइबरआतंकवाद एक वाक्यांश है जिसका उपयोग आतंकवादी गतिविधियों में इंटरनेट आधारित हमलों का वर्णन करने के लिए किया जाता है, जिसमें शामिल है कंप्यूटर वायरस जैसे साधनों के माध्यम से कंप्यूटर नेटवर्क मेpl LoLlp जानबूझकर, बड़े पैमाने पर किया गया व्यवधान,विशेष रूप से इंटरनेट से जुड़े निजी कंप्यूटर में. 
साइबर आतंकवाद एक विवादास्पद शब्द है। कुछ लेखक बहुत ही संकीर्ण परिभाषा का प्रयोग करते हैं और इसे ज्ञात आतंकवादी संगठनों द्वारा चेतावनी और आतंक पैदा करने के प्राथमिक उद्देश्य से सूचना प्रणालियों के खिलाफ व्यवधान हमले से जोड़ते हैं। इस संकीर्ण परिभाषा के आधार पर, साइबर आतंकवाद से किसी उदाहरण की पहचान करना मुश्किल है।  
साइबर आतंकवाद को किसी भी कंप्यूटर अपराध के रूप में और अधिक सामान्य तरीके से परिभाषित किया जा सकता है, जो असली दुनिया के बुनियादी ढांचे, संपत्ति  जीवन को अनिवार्य रूप से क्षति पहुंचाए बिना कंप्यूटर नेटवर्क को लक्षित करता है। 
मीडिया और सरकारी सूत्रों में साइबर आतंकवाद के द्वारा होने वाले संभावित नुकसान के कारण गहरी चिंता है और इसने सरकारी एजेंसियों से आधिकारिक प्रतिक्रियाओं को उत्पन्न किया है।Lol0 pm p
साइबर आतंकवाद की अनेक मामूली घटनाओं को दर्ज किया गया है।",189,साइबर
भारतीय कंप्यूटर आपातकालीन प्रतिक्रिया दल,भारतीय कंप्यूटर आपातकालीन प्रतिक्रिया दल (सीईआरटी-इन या आईसीईआरटी) भारत सरकार के इलेक्ट्रॉनिकी और सूचना प्रौद्योगिकी मंत्रालय के अंतर्गत एक कार्यालय है।यह हैकिंग और फ़िशिंग जैसे साइबर सुरक्षा खतरों से निपटने के लिए नोडल एजेंसी है।  यह भारतीय इंटरनेट डोमेन की सुरक्षा से संबंधित रक्षा को मजबूत करता है।,48,साइबर
साइबर स्वच्छता केंद्र,"सायबर स्वच्छता केंद्र भारत सरकार का एक वेब पोर्टल है जिसकी स्थापना भारत के आम नागरिकों को सायबर अपराध से सुरक्षा प्रदान करने के लिए की गई है दुनिया भर में बढ़ रहे सायबर अपराध जिससे भारत के लोग भी प्रभावित हो रहे हैं इसके चलते भारत सरकार के इलेक्ट्रॉनिक और सूचना प्रौद्योगिकी मंत्रालय ने ""साइबर स्वच्छता केंद्र"" (बॉटनेट क्लीनिंग एंड मालवेयर एनालिसिस सेंटर) की स्थापना की है 

बॉटनेट क्लीनिंग एंड मालवेयर एनालिसिस सेंटर, बॉटनेट संक्रमणों का पता लगाकर एक सुरक्षित सायबर स्पेस तैयार करता है इसकी राष्ट्रीय सायबर सुरक्षा नीति के उद्देश्यों के अनुसार ही बॉटनेट क्लीनिंग एंड मालवेयर एनालिसिस सेंटर की स्थापना की गई है जिससे देश में एक सुरक्षित सायबर माहौल तैयार किया जा सके",118,साइबर
डिजिटल भारत,अंकीय भारत या डिजिटल भारत सरकारी विभागों एवं भारत के लोगों को एक दूसरे के पास लाने की भारत सरकार की एक पहल है।,24,साइबर
ब्लैक हैट,"ब्लैक हैट या ब्लैक-हैट हैकर एक ऐसा हैकर होता है जो अपने निजी लाभ के लिए या द्वेष के कारण कंप्यूटर सुरक्षा का उल्लंघन करता है। एक ""ब्लैक हैट"" बुरे इरादे से हैक करता है, जिसका लक्ष्य साइबर सुरक्षा को कम करना है, जिसमें अक्सर क्रेडिट कार्ड धोखाधड़ी या पहचान की चोरी शामिल होती है। वे अवैध तरीके से काम करते हैं. #ichry0 @ichry0",64,साइबर
सुरक्षित इंटरनेट दिवस,,0,साइबर
हैकर (कम्प्यूटर सुरक्षा),"कंप्यूटर सुरक्षा में, हैकर वह व्यक्ति होता है जो कंप्यू
टर और नेटवर्क सिस्टम की सुरक्षा प्रणाली पर ध्यान केंद्रित करता है. हैकिंग का मतलब है, किसी कंप्यूटर सिस्टम या निजी नेटवर्क पर बिना अधिकृत पहुंच के घुसपैठ करना. हैकर्स, गैर-मानक और अक्सर दुर्भावनापूर्ण तरीकों से सिस्टम की सुरक्षा बाधाओं को दूर करने के लिए अपने तकनीकी ज्ञान का इस्तेमाल करते हैं",62,साइबर
क्लाउड-फ्लेयर,"क्लाउडफ़ेयर, इंक. एक अमेरिकी कंपनी है जो सामग्री वितरण नेटवर्क Archived 2023-07-01 at the वेबैक मशीन (CDN) सेवाएँ, क्लाउड साइबर सुरक्षा, DDoS शमन और ICANN-मान्यता प्राप्त डोमेन पंजीकरण सेवाएँ प्रदान करती है। क्लाउडफ्लेयर का मुख्यालय सैन फ्रांसिस्को, कैलिफ़ोर्निया में स्थित है। दि हेल्पफुल इन्फो Archived 2023-07-01 at the वेबैक मशीन के अनुसार, 2022 तक इसकी वेब सुरक्षा सेवाओं के लिए पूरे इंटरनेट के 20 प्रतिशत से अधिक द्वारा इसका उपयोग किया जाता है।",73,साइबर
असुरक्षा,"असुरक्षा अपने शाब्दिक रूप में निम्न लिखित से सम्बंधित हो सकता है:

जोखिम: किसी मूल्य की चीज़ को पाने या खोने की सम्भावना को कहते हैं। जोखिम के कार्यों और प्रक्रियाओं में अनिश्चितता का तत्त्व उपस्थित होता है। जोखिम एक विस्तृत अवधारणा है जिसका विभिन्न परस्थितियों में विभिन्न प्रकार से विश्लेषण व प्रबंधन किया जाता है।
आँकड़ों की सुरक्षा या डाटा सुरक्षा: उदाहरण के लिए आधार कार्ड से जुड़ी सूचनाओं के लीक होने की ख़बरों के बीच भारत में डाटा सुरक्षा को लेकर नई बहस खड़ी हो गई है। आधार की संवैधानिकता पर सवाल और निजता के अधिकार के हनन की आशंकाओं के बीच, डिजिटल पारदर्शिता की मांग भी उठने लगी है।
कंप्यूटर सुरक्षा: साइबर सुरक्षा ,कंप्यूटर सुरक्षा या आई टी सुरक्षा का अर्थ  कंप्यूटर सिस्टम को चोरी से रोकेने और उसके हार्डवेयर , सॉफ्टवेर  और जानकारियों को नुक्सान होने से बचाने के साथ-साथ उसके सेवाओ के विघटन और गुमराह होने से बचाने से संबंधित है।
भावनात्मक सुरक्षा: भावनात्मक सुरक्षा हमारे भीतर से आती है यह हम क्या महसूस कर रहे हैं ""जानने"" है; हमारी भावनाओं को पहचानने और फिर उन्हें महसूस करने का अंतिम जोखिम लेने में सक्षम होने की क्षमता।",192,साइबर
वलनरबिलिटीज़ इक्विटीज प्रक्रिया,"वलनरबिलिटीज़ इक्विटीज प्रक्रिया ( वीईपी ) एक प्रक्रिया है जिसका उपयोग अमेरिकी संघीय सरकार द्वारा मामला-दर-मामला आधार पर निर्धारित करने के लिए किया जाता है | इसका उपयोग शून्य-दिन कंप्यूटर सुरक्षा कमजोरियों का इलाज करने के लिए या  कंप्यूटर सुरक्षा में सुधार करने में मदद करने के लिए किया जाता है |
वीईपी  को पहली बार 2008-2009 की अवधि के दौरान विकसित किया गया था, लेकिन सार्वजनिक 2016 में हुआ, जब सरकार ने इलेक्ट्रॉनिक फ्रंटियर फाउंडेशन द्वारा FOIA (एफ ओ आई ए ) के अनुरोध के जवाब में वीईपी का नया संस्करण जारी किया।  
शैडो ब्रोकर्स अफेयर में अधिक पारदर्शिता के लिए सार्वजनिक दबाव के बाद, अमेरिका की सरकार ने वीईपी प्रक्रिया का  सार्वजनिक खुलासा नवंबर, 2017 में  किया।",119,साइबर
साइबर आक्रमण,"साइबर आक्रमण या साइबर हमला एक प्रकार का अपराध है जो कंप्यूटर के माध्यम से किया जाता है। इसे अंग्रेज़ी भाषा में cyberattack (साइबर अटेक) कहते हैं। सामान्यतः साइबर आक्रमण का संचालन अनामक संस्थाओँ या व्यक्तिओं द्वारा महत्त्वपूर्म डाटा की चोरी करने के लिये किया जाता है। साइबर अपराध में साइबर-आतंकवाद भी एक अपराध होता है। जब दो पक्षों, देशों और संस्थाओँं के मध्य साइबर आक्रमण करके एक दूसरे पर आक्रमण होता है, तो उसे साइबर युद्ध कहा जाता है।
साइबर हमलों में निम्न परिणाम शामिल हो सकते हैं:

पहचान की चोरी, धोखाधड़ी।
मैलवेयर(malware), स्पैमिंग(spamming) , वायरस।
पासवर्ड की चोरी
प्रणाली घुसपैठ
निजी और सार्वजनिक वेब ब्राउज़र से जानकारी की चोरी",111,साइबर
डिजीकवच,"DigiKavach एक ऑनलाइन धोखाधड़ी पहचान कार्यक्रम है, जिसे भारत में ऑनलाइन वित्तीय धोखाधड़ी को रोकने के लिए डिज़ाइन किया गया है।  इसे गूगल द्वारा भारतीय उपयोगकर्ताओं को ऑनलाइन धोखाधड़ी से बचाने के लिए लॉन्च किया गया था।  और यह अध्ययन करने के लिए कि घोटालेबाज भारत में कैसे काम करते हैं, इस जानकारी के आधार पर, गूगल ने नए उभरते घोटालों का मुकाबला करने के लिए उपाय बनाने और उन्हें क्रियान्वित करने के लिए सहयोग किया। 
कार्यक्रम में बेईमान फिनटेक और शिकारी ऋण ऐप कंपनियों से सुरक्षा के लिए फिनटेक एसोसिएशन फॉर कंज्यूमर एम्पावरमेंट (FACE) के साथ सहयोग शामिल है। इससे पहले डिजीकवच के तहत गूगल ने भारत में डिजिटल साक्षरता और ऑनलाइन सुरक्षा के बारे में जागरूकता पैदा करने के लिए साइबरपीस फाउंडेशन को 4 मिलियन डॉलर दिए थे,यह भारत के गृह मंत्रालय के साथ काम करता है

कार्यान्वयन
भारतीय साइबर अपराध समन्वय केंद्र, साइबर अपराध हेल्पलाइन (1930) और डिजीकवाच वित्तीय धोखाधड़ी के पीड़ितों को खतरों की त्वरित प्रतिक्रिया के लिए जानकारी और सहायता प्रदान करने के लिए मिलकर काम करेंगे।",172,साइबर
माइकल लिंच,"माइकल रिचर्ड लिंच (16 जून 1965 - 19 अगस्त 2024) एक ब्रिटिश प्रौद्योगिकी उद्यमी थे। उन्होंने ऑटोनॉमी कॉर्पोरेशन की सह-स्थापना की और बाद में इनवोक कैपिटल की स्थापना की। इसके अतिरिक्त, उन्होंने इनवोक कैपिटल के साथ साइबर सुरक्षा कंपनी डार्कट्रेस के सह-संस्थापक के रूप में भी काम किया। लिंच ने अपने पूरे करियर में विभिन्न सलाहकार भूमिकाएँ भी निभाईं।
कैम्ब्रिज विश्वविद्यालय से डिग्री, पीएचडी और पोस्ट-डॉक्टरल शोध के बाद, लिंच ने मशीन लर्निंग में अपने शोध को सॉफ्टवेयर कंपनियों की स्थापना करने और सिलिकॉन फेन में एक प्रमुख व्यक्ति बनने के लिए लागू किया। प्रेस में उन्हें अमेरिकी व्यवसायी बिल गेट्स के ब्रिटिश समकक्ष के रूप में वर्णित किया गया था, जिनकी अनुमानित संपत्ति 2023 में £852 मिलियन थी। 2011 में ऑटोनॉमी को हेवलेट-पैकार्ड को बेचने से धोखाधड़ी के आरोप लगे और परिणामस्वरूप यूके में दीवानी मुकदमा चला और लिंच का अमेरिका प्रत्यर्पण हुआ। 2024 में उन पर मुकदमा चला और उन्हें सभी आरोपों में दोषी नहीं पाया गया। लिंच की मृत्यु 19 अगस्त 2024 को 5 अन्य लोगों के साथ हुई, जब उनके परिवार का सुपरयाट, बायेसियन, सिसिली के तट पर डूब गया।",184,साइबर
यूएसटी,"यूएसटी जिसे पहले यूएसटी ग्लोबल (अंग्रेज़ी: UST Global) के नाम से जाना जाता था, डिजिटल प्रौद्योगिकी और परिवर्तन, सूचना प्रौद्योगिकी और सेवाओं का प्रदाता है जिसका मुख्यालय एलिसो विएजो, कैलिफ़ोर्निया, संयुक्त राज्य अमेरिका में है। स्टीफन रॉस ने १९९८ में लागुना हिल्स में यूएसटी की स्थापना की। कंपनी के कार्यालय अमेरिका, ईएमईए, एपीएसी और भारत में हैं।
जून २०१८ में सिंगापुर के सॉवरेन वेल्थ फंड टेमासेक ने यूएसटी में US$२५ करोड़ निवेश किया जिससे यूएसटी का मूल्यांकन अरब US$ से अधिक हो गया।",83,साइबर
राष्ट्रीय तकनीकी अनुसंधान संगठन,"राष्ट्रीय तकनीकी अनुसंधान संगठन (NTRO; अंग्रेज़ी: National Technical Research Organisation) भारत की एक तकनीकी खुफिया एजेंसी है , जो कि प्रधान मंत्री कार्यालय और राष्ट्रीय सुरक्षा सलाहकार के अधीन है।  इसे 2004 में स्थापित किया गया था।  इसमें नेशनल इंस्टीट्यूट ऑफ क्रिप्टोलॉजी रिसर्च एंड डेवलपमेंट (NICRD) भी शामिल है, जो एशिया में अपनी तरह का पहला है।  NTRO के ""आचरण के मानदंड"" (norms of conduct) इंटेलिजेंस ब्यूरो (IB) और रिसर्च एंड एनालिसिस विंग (R&AW) के समान ही  हैं।",78,साइबर
माइक्रोलैंड,"माइक्रोलैंड एक प्रौद्योगिकी कंपनी है, जिसका मुख्यालय बेंगलुरू में है। इसकी स्थापना प्रदीप कर ने की थी। कंपनी एशिया, ऑस्ट्रेलिया, यूरोप, मध्य पूर्व और उत्तरी अमेरिका में अपने कार्यालयों में ४,५०० से अधिक कर्मचारियों को रोजगार देती है। कंपनी की सेवाओं में डिजिटल नेटवर्क, डिजिटल इंफ्रास्ट्रक्चर, डिजिटल एप्लिकेशन, डिजिटल कार्यस्थल, IIoT सेवाएं और साइबर सुरक्षा शामिल हैं।
माइक्रोलैंड की सीएसआर पहल को माइक्रोलैंड फाउंडेशन कहा जाता है।",67,साइबर
"राष्ट्रीय सुरक्षा एजेंसी, अमेरिका","राष्ट्रीय सुरक्षा अभिकरण  ( एनएसए  ; NSA ) संयुक्त राज्य अमेरिका की केन्द्रीय गुप्तचर अभिकरण है। अमेरिकी रक्षा विभाग के क्षेत्राधिकार के अन्तर्गत आने वाली इस अभिकरण को कर्मियों और बजट के सन्दर्भ में अमेरिका का सबसे बड़ा गुप्तचर संगठन माना जाता है।
एनएसए को मुख्य रूप से वैश्विक निगरानी एवं गुप्तचर जानकारी का संग्रह, अनुवाद और विश्लेषण करने का उत्तरदायित्व सौंपी गयी है। एनएसए का कार्य गुप्त संचार तक सीमित है, अथवा यह क्षेत्रीय या मानवीय गुप्तचर गतिविधियों में शामिल नहीं होता। विधि के अनुसार, एनएसए की गुप्त जानकारी विदेशी संचार तक ही सीमित है, हालाँकि कई रिपोर्ट दर्शाते हैं कि अभिकरण सदैव इन विधियों का पालन नहीं करती।
संगठन की गोपनीयता के कारण, एनएसए को समय-समय पर ""नो सच एजेंसी "" (ऐसी कोई एजेंसी नहीं है।) या ""  नेवर से ऐनिथिंग  "" (कभी कुछ नहीं कहने वाली) भी कहा जाता है। अभिकरण में केन्द्रीय सुरक्षा सेवा (सेण्ट्रल सिक्यूरिटी सर्विस) नामक संगठन भी है। जिसे एनएसए तथा अन्य अमेरिकी सैन्य क्रिप्टएनालिसिस घटकों के मध्य सहयोग के लिये बनाया गया था।
एनएसए के निदेशक, जो अल्पतम लेफ्टिनेंट जनरल या उप एडमिरल रैंक के होते हैं, संयुक्त राज्य अमेरिका साइबर कमान के कमाण्डर और केन्द्रीय सुरक्षा सेवा के चीफ का पद भी संभालते हैं।",203,साइबर
भारत मे द्रव्यमान निगरानी,"व्यापक निगरानी का अर्थ किसी जनसंख्या के पर्याप्त अंश की व्यापक या संपूर्ण निगरानी रखना है।  भारतीय टेलीग्राफ अधिनियम, 1885 के तहत भारत में व्यापक निगरानी में दूरभाष श्रवण, मुक्तस्रोत आसूचना, वैध अवरोधन, निगरानी आदि अन्तर्गत हैं।",37,साइबर
डेटा चोरी,"डेटा चोरी करना एक प्रकार का अपराध है, जिसमें तकनीकी द्वारा डेटा चोरी में डेटाबेस सर्वर, कम्प्युटर या हाथ में पकड़े जाने वाले उपकरणों जैसे यूएसबी ड्राइव, आईपॉड, या डिजिटल कैमरा का इस्तेमाल शामिल है। आमतौर पर किसी कंपनी में काम करने वाले कर्मचारियों को कंपनी के कई आने वाले योजनाओं और गुप्त जानकारी, जिसमें कंपनी के कई महत्वपूर्ण जानकारी शामिल होते हैं, को अच्छी तरह जानते हैं। ऐसे में यदि वे किसी तरह उस जानकारी को कंपनी छोड़ने के बाद किसी दूसरे कंपनी को देते हैं तो उससे पहले वाली कंपनी को आर्थिक नुकसान होता है।
साइबर अपराधों के बढ़ने के साथ ही इस शब्द का इस्तेमाल मुख्य रूप से ऑनलाइन डेटा चोरी करने के मामले में किया जाने लगा है। इसमें किसी ऑनलाइन वेबसाइट या एप के जरिये साइबर अपराधी उस साइट या एप का उपयोग करने वाले लोगों की जानकारी चोरी करते हैं। इस चोरी को करने के लिए वे उस वेबसाइट या एप में प्रोग्रामिंग के दौरान हुई कोई चूंक या बग ढूँढने का काम करते हैं। एक बार उन्हें कमी मिल जाती है तो वे उससे प्राप्त होने वाले सारे डेटा को अपने पास रख लेते हैं और या तो उसे डार्क वेब में ऑनलाइन बेचने के लिए रख देते हैं या उस जानकारी का इस्तेमाल अन्य साइबर अपराध को अंजाम देने के लिए करते हैं। इन अपराधों में लोगों से ठगी, पहचान की चोरी एवं अन्य गतिविधियां शामिल हैं।",235,साइबर
"सूचना प्रौद्योगिकी अधिनियम, 2000","सूचना तकनीक अधिनियम (Information Technology Act 2000) भारतीय संसद द्वारा पारित एक अधिनियम है जो 17 अक्टूबर 2000 को लागू हुआ। 27 अक्टूबर 2009 को एक घोषणा द्वारा इसे संशोधित किया गया।
संयुक्त राष्ट्र संकल्प के बाद भारत ने मई 2000 में सूचना प्रौद्योगिकी अधिनियम, 2000 पारित कर दिया और 17 अक्टूबर 2000 को अधिसूचना जारी कर इसे लागू कर दिया। सूचना प्रौद्योगिकी अधिनियम, 2000 को सूचना प्रौद्योगिकी संशोधन अधिनियम, 2008 के माध्यम से काफी संशोधित किया गया है, जिसे 23 दिसम्बर को भारतीय संसद के दोनों सदनों द्वारा पारित किया गया था।",93,साइबर
पुलिस विश्वविद्यालय,सरदार पटेल पुलिस विश्वविद्यालय सुरक्षा एवं दाण्डिक न्याय देइजर जोधपुर यह विश्वविद्यालय 2013 में राजस्थान सरकार द्वारा तत्काल मुख्यमंत्री अशोक गहलोत और इसी संस्थान के पहले कुलपति श्री महेंद्र कुमावत के द्वारा खोला गया। यह पूरे भारतवर्ष में दूसरा विश्वविद्यालय है पहला विश्वविद्यालय गुजरात में 2011 में गुजरात सरकार द्वारा खोला गया। जोधपुर पुलिस विश्वविद्यालय का मुख्य उद्देश्य स्मार्ट पुलिस तैयार करना है ताकि समाज में फ़ैल रहे साइबर क्राइम को कम करना है इसके लिए यहाँ अपराधशास्त्र और साइबर सिक्यूरिटी जैसे कोर्स चलाये जा रहे हैं वही साथ ही साथ सिविल सर्विसेस की तैयार भी कराई जाती है।इसे प्रधानमंत्री श्री नरेंद्र मोदी ने भी कही बार सहारा है और इसके लिए मंगोलिया देश के दौरे पर हुए संधि में वहाँ यानी मंगोलिया के प्रतिभाशाली बॉर्डर गॉर्ड फ़ोर्स के कुछ ऑफिसर्स को साइबर में एक्सपर्ट किया जाएगा और इन मंगोलियन ऑफिसर्स में 2015 में अपनी ट्रेनिंग शुरू कर दी है।साथ ही साथ यहाँ देश की कही प्रतिभाशाली हस्तियां ने भी दस्तक दी है। तीन सालो के छोटे से समय में इस विश्वविद्यालय में बहुत नाम कमाया है और अब जल्द ही यह विश्वविद्यालय केंद्र सरकार की सम्पति बन जायेगी।और गुजरात पुलिस विश्वविद्यालय की तरह जोधपुर पुलिस विश्वविद्यालय को भी जल्द ही पुलिस सेवा में आरक्षण मिलना तय है।,208,साइबर
शाह एवं एंकर कच्छी इंजीनियरिंग कॉलेज,"शाह एवं एंकर कच्छी इंजीनियरिंग कॉलेज की स्थापना 1985 में गुणवत्तापूर्ण तकनीकी शिक्षा प्रदान करने के उद्देश्य से की गई थी। इस कॉलेज का प्रबंधन महावीर एजुकेशन ट्रस्ट द्वारा किया जाता है। यह कॉलेज एआईसीटीई, नई दिल्ली और महाराष्ट्र सरकार द्वारा अनुमोदित है,और मुंबई विश्वविद्यालय से संबद्ध है। कॉलेज को 2021 से 5 वर्षों के लिए NAAC द्वारा 'ए' ग्रेड दिया गया है। कंप्यूटर इंजीनियरिंग और सूचना प्रौद्योगिकी शाखाएं एनबीए द्वारा मान्यता प्राप्त हैं।
इसे आईएसओ 9001:2015 प्रमाणन भी प्राप्त है। यह कंप्यूटर इंजीनियरिंग, सूचना प्रौद्योगिकी, इलेक्ट्रॉनिक्स और कंप्यूटर विज्ञान, इलेक्ट्रॉनिक्स और दूरसंचार, कृत्रिम बुद्धिमत्ता और डेटा विज्ञान, साइबर सुरक्षा में स्नातक पाठ्यक्रम प्रदान करता है। यह कंप्यूटर इंजीनियरिंग, सूचना प्रौद्योगिकी और इलेक्ट्रॉनिक्स इंजीनियरिंग में स्नातकोत्तर पाठ्यक्रम भी प्रदान करता है।",121,साइबर
प्रमाणन,"प्रमाणन किसी वस्तु, व्यक्ति अथवा संगठन, की कुछ विशेषताओं की पुष्टि करने से सन्दर्भित है। यह पुष्टिकरण अक्सर, पर हमेशा नहीं, कुछ फार्म द्वारा बाहरी समीक्षा, शिक्षा, या मूल्यांकन के आधार पर प्रदान किया जाता है।",36,साइबर
रैनसमवेयर,"रैनसमवेयर (अंग्रेज़ी: ransomware) एक प्रकार का दुर्भावनापूर्ण फिरौती मांगने वाला सॉफ़्टवेयर है। इसे इस तरह से बनाया जाता है कि वह किसी भी कंप्यूटर सिस्टम के सभी फाइलों को इनक्रिप्ट कर दे। जैसे ही सॉफ्टवेयर इन फाइलों को इनक्रिप्ट कर देता है, वैसे ही वह फिरौती मांगने लगता है और धमकी देता है कि यदि उतनी राशि नहीं चुकाई तो वह कंप्यूटर के सभी फाइलों को बर्बाद कर देगा। इसके बाद इन फाइलों तक कंप्यूटर उपयोगकर्ता तब तक देख या उपयोग नहीं कर सकता जब तक वह फिरौती में मांगी गई राशि का भुगतान न कर दे।
खास बात यह है कि इसमें फिरौती की रकम चुकाने हेतु समयसीमा निर्धारित की जाती है और यदि कोई समय से पैसा नहीं चुकाता तो उसके लिए फिरौती की रकम बढ़ जाती है।",130,साइबर
घोस्ट इन द शेल,"घोस्ट इन द शेल (जापानी: 攻殻機動隊, हेपबर्न: कोकाकू किदोताई, शाब्दिक रूप से ""मोबाइल आर्मर्ड रायट पुलिस"") मासमुन शिरो द्वारा लिखित और सचित्र एक जापानी मंगा है, जिसने इसी नाम की मीडिया फ्रेंचाइजी को जन्म दिया। इसे पहली बार 1989 से 1991 तक कोडनशा की सेनेन मंगा पत्रिका यंग मैगज़ीन ज़ोकन काइज़ोकुबन में द घोस्ट इन द शेल के उपशीर्षक के तहत क्रमबद्ध किया गया था, और एक टैंकोबोन वॉल्यूम में संकलित किया गया था। 21वीं सदी के मध्य में स्थापित, यह काल्पनिक प्रति-साइबर आतंकवादी संगठन सार्वजनिक सुरक्षा धारा 9 की कहानी बताता है, जिसका नेतृत्व नायक मेजर मोटोको कुसानागी करते हैं।
मंगा के बाद दो सीक्वेल आए, घोस्ट इन द शेल 1.5: ह्यूमन-एरर प्रोसेसर, और घोस्ट इन द शेल 2: मैन-मशीन इंटरफ़ेस।
मंगा में डिजाइन और दर्शन पर शिरो के विचार शामिल हैं, जिसमें समाजशास्त्रीय मुद्दे, तकनीकी प्रगति के परिणाम और चेतना और पहचान की प्रकृति पर विषय शामिल हैं। अवधारणा कला और शेल में भूत की दुनिया का विवरण देने के लिए कई कला पुस्तकें जारी की गई हैं। तीनों खंडों को मुख्यतः सकारात्मक समीक्षाएँ मिली हैं।",178,साइबर
ऑकस,"ऑकस  ( AUKUS ), जिसे  औकस  भी कहा जा सकता है। ऑस्ट्रेलिया, यूनाइटेड किंगडम और संयुक्त राज्य अमेरिका के बीच एक त्रिपक्षीय सुरक्षा समझौता है, जिसकी घोषणा 15 सितंबर 2021 को भारतीय-प्रशान्त क्षेत्र के लिए की गई थी। समझौते के अन्तर्गत, अमेरिका और ब्रिटेन ऑस्ट्रेलिया को परमाणु ऊर्जा से चलने वाली पनडुब्बियाँ हासिल करने में मदद करेंगे। हालाँकि ऑस्ट्रेलियाई प्रधानमन्त्री स्कॉट मॉरिसन, ब्रिटिश प्रधानमन्त्री बोरिस जॉनसन और अमेरिकी राष्ट्रपति जो बाइडन द्वारा संयुक्त घोषणा में किसी अन्य देश का नाम नहीं लिया गया था। व्हाइट हाउस के गुमनाम सूत्रों ने अनुमान लगाया है कि इसे भारतीय-प्रशान्त क्षेत्र में चीन के प्रभाव का मुकाबला करने के लिए डिज़ाइन किया गया है। हालाँकि, जॉनसन ने बाद में संसद को बताया कि इस कदम का उद्देश्य चीन के प्रति प्रतिकूल होना नहीं था।

समझौते में ""साइबर क्षमताओं, कृत्रिम बुद्धिमत्ता, क्वाण्टम प्रौद्योगिकियों और अतिरिक्त अन्य क्षमताओं"" पर सहयोग भी शामिल है। समझौते के अन्तर्गत, ऑस्ट्रेलिया अपनी वायु सेना, नौसेना और थल सेना के लिए नयी लम्बी दूरी की मारक क्षमताओं का अधिग्रहण करेगा। यह समझौता सैन्य क्षमता पर ध्यान केन्द्रित करेगा, इसे फ़ाइव आइज़ इण्टेलिजेंस-शेयरिंग गठबन्धन से अलग करेगा जिसमें न्यूज़ीलैण्ड और कनाडा भी शामिल हैं।
17 सितम्बर 2021 को, फ्रांस, जो तीनों देशों का सहयोगी है। फ्रांस ने ऑस्ट्रेलिया और अमेरिका से अपने राजदूतों को वापस बुला लिया;  फ़्रांस के विदेश मन्त्री जीन-यवेस ले ड्रियन ने बिना किसी नोटिस के €56 अरब (A$90 अरब) के फ्रेंच-ऑस्ट्रेलियाई पनडुब्बी सौदे को ऑस्ट्रेलिया द्वारा रद्द करने के बाद, फ्रांस ने इस समझौते को ""पीठ में छुरा भोंकने वाला"" कहा था। फ्रांस और ऑस्ट्रेलिया के मध्य एक गहरी रणनीतिक साझेदारी विकसित करने के प्रयासों को समाप्त कर दिया।",271,साइबर
लखनऊ पुलिस,"लखनऊ पुलिस उत्तर प्रदेश की राजधानी और सबसे बड़े शहर लखनऊ के लिए प्राथमिक कानून प्रवर्तन एजेंसी है। यह उत्तर प्रदेश पुलिस की एक पुलिस इकाई है और इसके पास लखनऊ नगर निगम की सीमा के भीतर कानून प्रवर्तन और जांच की प्राथमिक जिम्मेदारियां हैं।
इसकी अध्यक्षता पुलिस आयुक्त (सीपी) द्वारा की जाती है, जो एडीजीपी रैंक के आईपीएस अधिकारी होते हैं, और दो संयुक्त पुलिस आयुक्तों (जेसीपी) द्वारा सहायता प्राप्त की जाती है, जो आईजी रैंक के हैं, और पांच पुलिस उपायुक्त (डीसीपी) जो एसपी रैंक के होते हैं।
दो संयुक्त आयुक्तों में से एक कानून और व्यवस्था की देखभाल करता है, दूसरा अपराध।
लखनऊ के मौजूदा पुलिस आयुक्त आईपीएस ध्रुव कांत ठाकुर हैं।",115,साइबर
डेबिट कार्ड से धोखाधड़ी,जैसा कि हम सब जानते हैं कि इंटरनेट बैंकिंग के माध्यम से आजकल धोखाधड़ी के मामले दिन–ब–दिन बढ़ते जा रहे हैं। कंप्यूटर या इंटरनेट के जरिए किए जाने वाले इस प्रकार के अपराध को हम साइबर क्राइम कह सकते हैं। क्या आप साइबर क्राइम के बारे में जानते हैं? यह कंप्यूटर या इंटरनेट के माध्यम से की जाने वाली आपराधिक गतिविधियां होती हैं और कंप्यूटर क्राइम के नाम से भी जानी जाती हैं।,73,साइबर
रोम सैपिएंज़ा यूनिवर्सिटी,"रोम सैपिएंज़ा यूनिवर्सिटी एक सार्वजनिक संस्थान है जिसकी स्थापना 1303 में पोप बोनिफेस VIII ने की थी। इतालवी विश्वविद्यालय को मूल रूप से स्टूडियम अर्बिस कहा जाता था लेकिन 1660 में इसे सैपिएंज़ा के नाम से जाना जाने लगा। इसका मुख्य परिसर, जिसे सिट्टा यूनिवर्सिटेरिया के नाम से जाना जाता है, रोम शहर के केंद्र के पास स्थित है।संस्थान के पास रोम के विभिन्न भागों और ग्रेटर लाज़ियो क्षेत्र में भी सुविधाएँ हैं। हाल के एक वर्ष में 110,000 से अधिक छात्रों ने सैपिएंज़ा विश्वविद्यालय में अध्ययन किया। शिक्षण शुल्क शैक्षणिक विषय के अनुसार अलग-अलग होता है, और कुछ विश्वविद्यालय-संबद्ध छात्र आवास उपलब्ध हैं।
विश्वविद्यालय में 11 शैक्षणिक विभाग हैं: वास्तुकला; कला और मानविकी; सिविल और औद्योगिक इंजीनियरिंग; अर्थशास्त्र; सूचना इंजीनियरिंग, सूचना विज्ञान और सांख्यिकी; कानून; गणित, भौतिकी और प्राकृतिक विज्ञान; चिकित्सा और दंत चिकित्सा; चिकित्सा और मनोविज्ञान; फार्मेसी और चिकित्सा; और राजनीति विज्ञान, समाजशास्त्र और संचार विज्ञान। एयरोस्पेस इंजीनियरिंग का एक स्कूल भी है। सैपिएन्ज़ा सेमेस्टर-आधारित शैक्षणिक कैलेंडर का उपयोग करता है, जिसमें पाठ्यक्रम सितंबर और फरवरी में शुरू होते हैं।
विश्वविद्यालय के लगभग सभी स्नातक कार्यक्रम इतालवी में पढ़ाए जाते हैं, हालांकि कुछ अंग्रेजी में पढ़ाए जाने वाले मास्टर कार्यक्रम भी हैं। अन्य विश्वविद्यालयों के साथ मिलकर पेश किए जाने वाले अंतर्राष्ट्रीय संयुक्त डिग्री कार्यक्रम भी उपलब्ध हैं, जो सैपिएंज़ा के छात्रों को रोम और विदेश में अध्ययन करने का अवसर प्रदान करते हैं। सैपिएंज़ा की शोध सुविधाओं में परिवहन और रसद के साथ-साथ साइबर इंटेलिजेंस और सूचना सुरक्षा पर केंद्रित केंद्र शामिल हैं। विश्वविद्यालय के अन्य शैक्षणिक संसाधनों में लगभग 60 पुस्तकालय और 20 संग्रहालयों का एक नेटवर्क शामिल है, जिसमें एक हर्बेरियम और शास्त्रीय कला का एक संग्रहालय शामिल है।",274,साइबर
अंकित फ़ादिया,"अंकित फ़ादिया कंप्यूटर सुरक्षा के एक निजी सलाहकार हैं। वे रिलायंस के साथ संयुक्त रूप से विभिन्न कंपनियों के लिए कंप्यूटर सुरक्षा पर जानकारी के लिए एक कार्यक्रम चलाते हैं। 
इनको लेकर बहुत सारे विवाद भी है।",37,साइबर
सैन्य विज्ञान,"सैन्य विज्ञान (Military Science) के अन्तर्गत युद्ध एवं सशस्त्र संघर्ष से सम्बन्धित तकनीकों, मनोविज्ञान एवं कार्य-विधि (practice) आदि का अध्ययन किया जाता है। भारत सहित दुनिया के कई प्रमुख देश जैसे अमेरिका, इजराइल, जर्मनी, पाकिस्तान, आस्ट्रेलिया, न्यूजीलैण्ड, रूस , इंगलैंड , चीन , फ्रांस, कनाडा , जापान , सिंगापुर , मलेशिया  में सैन्य विज्ञान विषय को सुरक्षा अध्ययन (Security Studies) , रक्षा एवं सुरक्षा अध्ययन (Defence and Security Studies) , रक्षा एवं स्त्रातेजिक अध्ययन (Defence and Strategic studies) , सुरक्षा एवं युद्ध अध्ययन नाम से भी अध्ययन-अध्यापन किया जाता है। 
सैन्य विज्ञान ज्ञान की वह शाखा है जिसमें सैनिक विचारधारा, संगठन सामग्री और कौशल का सामाजिक संदर्भ में अध्ययन किया जाता है। आदिकाल से ही युद्ध की परम्परा चली आ रही है। मानव जाति का इतिहास युद्ध के अध्ययन के बिना अधूरा है और युद्ध का इतिहास उतना ही पुराना है जितनी मानव जाति की कहानी। युद्ध मानव सभ्यता के विकास के प्रमुख कारणों में से एक हैं। अनेक सभ्यताओं का अभ्युदय एवं विनाश हुआ, परन्तु युद्ध कभी भी समाप्त नहीं हुआ। जैसे-जैसे सभ्यता का विकास हुआ वैसे-वैसे नवीन हथियारों के निर्माण के फलस्वरूप युद्ध के स्वरूप में परिवर्तन अवश्य आया है। सैन्य विज्ञान के अन्तर्गत युद्ध एवं सशस्त्र संघर्ष से सम्बन्धित तकनीकों, मनोविज्ञान एवं कार्य-विधि आदि का अध्ययन किया जाता है।[1]
सैन्य विज्ञान के निम्नलिखित छः मुख्य शाखायें हैं:

सैन्य संगठन
सैन्य शिक्षण एवं प्रशिक्षण
सैन्य इतिहास
सैन्य भूगोल
सैन्य प्रौद्योगिकी एवं उपकरण
रणनीति एवं सैन्य सिद्धान्त",238,साइबर
रैपिड मेट्रो गुरुग्राम,"रैपिड मेट्रो हरियाणा राज्य के गुरुग्राम शहर में संचालित एक मेट्रो प्रणाली है। यह प्रणाली सिकंदरपुर मेट्रो स्टेशन पर दिल्ली मेट्रो की येलो लाइन के साथ इंटरचेंज प्रदान करती है। रैपिड मेट्रो की कुल लंबाई ११.७ किलोमीटर है, और इसमें कुल ११ स्टेशन हैं। पूरी मेट्रो प्रणाली स्टैण्डर्ड गेज ट्रैक का उपयोग करती है, और पूरी तरह से एलिवेटेड है। रैपिड मेट्रो गुड़गांव के वाणिज्यिक क्षेत्रों को जोड़ता है, और दिल्ली मेट्रो के लिए फीडर लिंक के रूप में कार्य करता है।
रैपिड मेट्रो गुड़गांव लिमिटेड (आरएमजीएल) द्वारा निर्मित और संचालित यह मेट्रो प्रणाली दुनिया की पहली ऐसी प्रणाली है, जो पूरी तरह से निजी स्त्रोतों द्वारा वित्तपोषित है, अर्थात इस उद्यम में केंद्र सरकार, हरियाणा सरकार या किसी भी सार्वजनिक क्षेत्र के उपक्रम से कोई निवेश नहीं है। मेट्रो सेवाएं प्रतिदिन ०६:०५ से ००:३६ के मध्य चलती हैं, और दो ट्रेनों के मध्य अमूमन ४ मिनट का समय अंतराल रहता है। सभी ट्रेनों में तीन कोच हैं, और इनके सञ्चालन के लिए तीसरी रेल के माध्यम से ७५० वोल्ट प्रत्यक्ष प्रवाह द्वारा विद्युत् आपूर्ति की जाती है। अपने स्टेशनों के नामकरण अधिकारों की नीलामी करने वाला यह पहला भारतीय मेट्रो सिस्टम है।
इस मेट्रो प्रणाली का आरम्भ २०१२ में किया जाना प्रस्तावित था, लेकिन समय पर निर्माण कार्य पूरे न हो पाने के कारण इसका प्रथम चरण १४ नवम्बर २०१३ को जनता के लिए खोला गया। परियोजना के द्वितीय चरण का वाणिज्यिक संचालन ३१ मार्च २०१७ से शुरू किया गया।",241,साइबर
सैद्धान्तिक कंप्यूटर विज्ञान,,0,साइबर
फेडरल ब्यूरो ऑफ इन्वेस्टिगेशन,"फेडरल ब्यूरो ऑफ इन्वेस्टिगेशन (एफबीआई) संयुक्त राज्य अमेरिका के डिपार्टमेंट ऑफ जस्टिस की एक एजेंसी है जो एक संघीय आपराधिक जाँच निकाय और एक आंतरिक खुफिया एजेंसी दोनों के रूप में कार्य करती है। एफबीआई के पास संघीय अपराध की 200 से अधिक श्रेणियों के उल्लंघन की जाँच का अधिकार है। इसका नारा (मोटो) एफबीआई का बैक्रोनिम, ""ईमानदारी, बहादुरी, अखंडता"" है।
एफबीआई का मुख्यालय जे. एडगर हूवर बिल्डिंग वॉशिंगटन, डी.सी. में स्थित है। संपूर्ण संयुक्त राज्य अमेरिका के प्रमुख शहरों में इसके छप्पन क्षेत्रीय कार्यालय स्थित हैं, साथ ही देश भर के सभी छोटे शहरों और नगरों में इसकी 400 से अधिक स्थानिक एजेंसियां मौजूद हैं। ""लीगल अटैचीज"" कहे जाने वाले 50 से अधिक अंतरराष्ट्रीय कार्यालय दुनिया भर के अमेरिकी दूतावासों में मौजूद हैं।",124,साइबर
लार्सन एंड टूब्रो टेक्नोलॉजी सर्विसेज़,"लार्सन एंड टूब्रो टेक्नोलॉजी सर्विसेज़ एक भारतीय बहुराष्ट्रीय प्रौद्योगिकी कंपनी है जो इंजीनियरिंग अनुसंधान और विकास सेवाएँ प्रदान करती है, जिसका मुख्यालय वडोदरा में है। कंपनी के व्यावसायिक हितों में ऑटोमोटिव इंजीनियरिंग, एम्बेडेड सिस्टम और सेमीकंडक्टर इंजीनियरिंग, औद्योगिक इंटरनेट ऑफ थिंग्स, विनिर्माण संयंत्र इंजीनियरिंग और मेडिकल इंजीनियरिंग शामिल हैं।
लार्सन एंड टूब्रो टेक्नोलॉजी सर्विसेज़ समूह लार्सन एंड टूब्रो की सहायक कंपनी है, और नेशनल स्टॉक एक्सचेंज और बॉम्बे स्टॉक एक्सचेंज में सूचीबद्ध है। कंपनी के कार्यालय भारत, संयुक्त राज्य अमेरिका, यूरोप और एशिया में हैं। इसकी एक सहायक कंपनी एसेंशिया है, जो सैन जोस, कैलिफ़ोर्निया में स्थित है।",98,साइबर
आयुध,"कोई भी उपकरण जिसका प्रयोग अपने शत्रु को चोट पहुँचाने, वश में करने या हत्या करने के लिये किया जाता है, शस्त्र या आयुध (weapon) कहलाता है। शस्त्र का प्रयोग आक्रमण करने, बचाव करने अथवा डराने-धमकाने के लिये किया जा सकता है। शस्त्र एक तरफ लाठी जितना सरल हो सकता है तो दूसरी तरफ बैलिस्टिक प्रक्षेपास्त्र जितना जटिल भी।",59,साइबर
सैमसंग इंडिया सॉफ्टवेयर सेंटर,"सैमसंग रिसर्च ऐंड डेवलपमेंट इंस्टिट्यूट इंडिया - नोएडा (एसआरआई-नोएडा) सैमसंग इलेक्ट्रॉनिक्स का अनुसंधान एवं विकास केंद्र है जिसके पास सैमसंग मोबाइल फोन के सॉफ्टवेयर विकास का स्वामित्व है। अनुसंधान एवं विकास केंद्र सैमसंग इलेक्ट्रॉनिक्स के लिए मोबाइल सॉफ्टवेयर विकास पर काम करता है।
सैमसंग द्वारा बनाए गए सभी मोबाइलों के अलावा एसआरआई-नोएडा मध्य स्तरीय खंड में मॉडलों में माहिर है, विशेष रूप से एंड्रॉइड गो प्लेटफॉर्म पर आधारित। एसआरआई-नोएडा सैमसंग एम सीरीज़, जे सीरीज़ और ए सीरीज़ पर भी काम करता है।
२०१९ में केंद्र ने संयुक्त राष्ट्र के संधारणीय विकास लक्ष्यों में अपने योगदान के लिए सैमसंग ग्लोबल गोल्स के लिए एमबिलियंथ पुरस्कार जीता।

एसआरआई-नोएडा की शुरुआत २००७ में सेक्टर ५९ नोएडा में हुई जिसमें क्षेत्रीय अनुकूलन के बाद मल्टीमीडिया सत्यापन शामिल था। एसआरआई-नोएडा सभी रेंज के मोबाइल फोन के लिए सॉफ्टवेयर के विकास और सत्यापन में लगा हुआ है। पिछले एक दशक में केंद्र का विकास हुआ है और अब इसमें २,३०० से अधिक कर्मचारी हैं।",158,साइबर
सैनिक संगठन,किसी देश की राष्ट्रीय सुरक्षा नीति के लिये आवश्यक सैनिक क्षमता प्रदान करने हेतु सशस्त्र सेनाओं में जो संरचना निर्मित की जाती है उसे सैनिक संगठन (Military organization) कहते हैं।,30,साइबर
सैन्य अभियान,"सैन्य अभियान (अंग्रेज़ी: Military operation) किसी विकासशील स्थिति के जवाब में किसी राज्य, या गैर-राज्य अभिनेता के समन्वित सैन्य कार्य होते हैं। ये कार्य राज्य के पक्ष में स्थिति को हल करने के लिए एक सैन्य योजना के रूप में तैयार की जाती हैं। अभियान संव्याध या गैर-संव्याध स्वभाव के हो सकते हैं और राष्ट्रीय सुरक्षा के उद्देश्य के लिए, संकेत संज्ञा से सन्दर्भित किये जाते हैं। सैन्य अभियान अक्सर अपने वास्तविक परिचालन उद्देश्यों से ज़्यादा अपने सामान्य रूप से अधिक स्वीकार किए जाने वाले आम उपयुक्त नामों के लिए जाने जाते हैं।",93,साइबर
भारत में कानून प्रवर्तन,"भारत में कानून प्रवर्तन न्याय और व्यवस्था बनाए रखने के लिए अत्यंत आवश्यक इकाई है। भारतीय कानून का पालन सुनिश्चित करने के लिए कई एजेंसियों कार्यरत हैं। कई संघीय देशों के विपरीत, भारत का संविधान कानून और व्यवस्था बनाए रखने की प्राथमिक जिम्मेदारी राज्यों और केंद्र शासित प्रदेशों को सौंपता है।
संघीय स्तर पर, भारत के कुछ अर्धसैनिक बल गृह मंत्रालय के अधीन आते हैं और राज्यों को सहायता प्रदान करते हैं। बड़े शहरों के पास अपने स्वयं के पुलिस बल होते हैं जो संबंधित राज्य पुलिस के अधीन होते हैं (सिवाय कोलकाता पुलिस के, जो स्वायत्त है और राज्य के गृह सचिव को रिपोर्ट करती है)। राज्य पुलिस बलों और संघीय एजेंसियों में सभी वरिष्ठ अधिकारी भारतीय पुलिस सेवा (आईपीएस) के सदस्य होते हैं। भारत में आतंकवादी हमलों से निपटने के लिए संघीय और राज्य स्तर पर कुछ विशेष सामरिक बल हैं, जैसे मुंबई पुलिस क्विक रिस्पांस टीम, नेशनल सिक्योरिटी गार्ड, एंटी-टेररिज्म स्क्वाड, दिल्ली पुलिस एसडब्ल्यूएटी आदि।",158,साइबर
हिंद महासागर तटीय क्षेत्रीय सहयोग संघ,"हिन्द महासागर तटीय सहयोग संघ (Indian Ocean Rim Association) यह संघ क्षेत्रीय सहयोग और अन्तरमहाद्वीपीय व्यापार में तेजी लाने के उद्देश्य से हिन्द महासागर के तीन प्रायद्वीपों- एशिया, अफ्रीका और आस्ट्रेलिया को एक मंच पर लाता है।",37,साइबर
फेसबुक,"फ़ेसबुक अन्तरजाल पर स्थित एक निःशुल्क सामाजिक नेटवर्किंग सेवा है जिसके माध्यम से इसके सदस्य अपने मित्रों, परिवार और परिचितों के साथ संपर्क रख सकते हैं। यह मेटा प्लैटफ़ॉर्म्स नामक निजी कंपनी द्वारा संचालित है। इसके प्रयोक्ता नगर, विद्यालय, कार्यस्थल या क्षेत्र के अनुसार गठित किये हुए नेटवर्कों में शामिल हो सकते हैं और आपस में विचारों का आदान-प्रदान कर सकते हैं। इसका आरंभ 2004 में हार्वर्ड के एक छात्र मार्क ज़ुकेरबर्ग ने की थी। तब इसका नाम द फ़ेसबुक था। कॉलेज नेटवर्किग जालस्थल के रूप में आरंभ के बाद शीघ्र ही यह कॉलेज परिसर में लोकप्रिय होती चली गई। कुछ ही महीनों में यह नेटवर्क पूरे यूरोप में पहचाना जाने लगा। अगस्त 2005 में इसका नाम फ़ेसबुक कर दिया गया। फ़ेसबुक में अन्य भाषाओं के साथ हिन्दी में भी काम करने की सुविधा है।
2013-2014 में फ़ेसबुक ने भारत सहित 40 देशों के मोबाइल सेवा प्रदाता कंपनियों से समझौता किया था । इस करार के तहत फ़ेसबुक की एक नई साइट का उपयोग मोबाइल पर निःशुल्क किया जा सकता था। यह जालस्थल फ़ेसबुक का पाठ्य संस्करण था । भारत में रिलायंस कम्युनिकेशंस ( जियो) और वीडियोकॉन मोबाइल (2017 से बन्द) को यह सेवा प्रदान करना था। इसके बाद शीघ्र ही टाटा डोकोमो (2017 से बन्द)पर भी यह सेवा शुरू हो जानी थी । इसमें फोटो व वीडियो के अलावा फ़ेसबुक की अन्य सभी संदेश सेवाएं मिलनी थी। लेकिन फ़रवरी 2016 मे TRAI ने इस समझौते को रद्द] कर दिया था ।",242,साइबर
मॉडर्न कॉम्बैट 5: ब्लैकआउट,"मॉडर्न कॉम्बैट 5, जिसे मॉडर्न कॉम्बैट 5: ब्लैकआउट के नाम से भी जाना जाता है, गेमलोफ्ट बुखारेस्ट द्वारा विकसित और गेमलोफ्ट द्वारा प्रकाशित 2014 का एक प्रथम-व्यक्ति शूटर है। यह मॉडर्न कॉम्बैट सीरीज़ की पाँचवीं किस्त और मॉडर्न कॉम्बैट 4: ज़ीरो ऑवर की अगली कड़ी है। इसे 24 जुलाई, 2014 को iOS, Android, Windows Phone 8, Windows 8.1 और BlackBerry 10 के लिए, 24 अक्टूबर, 2018 को स्टीम के ज़रिए Windows के लिए और 14 फ़रवरी, 2019 को Nintendo Switch के लिए रिलीज़ किया गया था। यह गेमलोफ्ट बुखारेस्ट द्वारा विकसित सीरीज़ का पहला गेम है।",96,साइबर
रूपा दिवाकर मौदगिल,"रूपा दिवाकर मौदगिल, जिन्हें आमतौर पर डी. रूपा के नाम से भी जाना जाता है, वह एक भारतीय पुलिस सेवा (IPS) अधिकारी दावणगेरे, कर्नाटक से। वह वर्तमान में बेंगलुरु, कर्नाटक में  रेलवे पुलिस की महानिरीक्षक हैं। वह अतिरिक्त कमांडेंट जनरल, भारतीय गृह रक्षक और पदेन अतिरिक्त निदेशक, नागरिक सुरक्षा, आयुक्त यातायात और सड़क सुरक्षा आयुक्त और जेल के उप महानिरीक्षक कर्नाटक में तैनात रही है। उसने भारत में टेड (सम्मेलन) सम्मेलनों में विभिन्न वार्ताएँ दी हैं और भारतीय पुलिस सेवा अधिकारियों के बीच एक लोकप्रिय चेहरा हैं। 
वह कन्नड़ सिनेमा में एक पार्श्व गायिका भी हैं और उन्होंने कन्नड़ फिल्म बेलाताड़ा भीमन्ना के लिए एक गीत गाया है, जिसमें रविचंद्रन ने मुख्य भूमिका निभाई है।",115,साइबर
विद्यार्थी संघ,"छात्रसंघ या विद्यार्थी संघ (Students' union) उस संगठन को कहते हैं जो कई कॉलेजों, विश्वविद्यालयों या उच्च पाठशालाओं में विद्यार्थियों द्वारा संचालित की जाती है। इसकी स्थापना 1985 में  पहली बार किय था",33,साइबर
युद्ध,"युद्ध एक लंबे समय तक चलने वाला आक्रामक कृत्य है जो सामान्यतः राज्यों के बीच झगड़ों के आक्रामक और हथियारबंद लड़ाई में परिवर्तित होने से उत्पन्न होता है।
युद्ध से मनुष्य नवीनतम वैज्ञानिक खोजो की ओर 'अग्रसर होता है युद्ध से विषम परिस्थितियों में से निकल कर देश प्रेम और समपर्ण की भावना का जन्म होता है। युद्ध राष्ट्र की भावना, राष्ट्र की अनिश्चितता और राजनीतिक उद्देश्यों को प्राप्त करने का सक्षम साधन है                                            
According to Dr Kajal Mehta -यूक्रेन रशिया युद्ध ने सिद्ध कर दिया है कि राष्ट्रोकी गलत अन्तर्राष्ट्रीय सुरक्षा नीति के कारण मानव सभ्यता को तृतीय विश्वयुद्ध के दरवाजे पर खडा कर दिया है।                  

                                       यद्यपि अपार जन-घन की हानि के साथ ही आज समस्त विश्व में नये-नये युद्ध फ्रंटो का समावेश हो गया है एक ओर चीन ताइवान को निगलते की इच्छा से युद्ध की तैयारिया में लिप्त हूँ दूसरी ओर इजराइल और हमास का भयानक संघर्ष मानवजाति को पृथ्वी से मिटाने की होड़ में है। ईरान अमेरिका को अधिकतम नुकसान पहुंचाने के आयोजनो की तैयारियां कर रहा

एक ओर से विश्व भुखमरी, गरीबी, महंगाई और प्राकृतिक आपदाओ से भयभीत है वही दूसरी और विज्ञान और तकनीकि की खोजो ने युद्ध को वर्तमान में अंतरिक्ष की ऊंचाईयो और समुद्र की गहराईयो में भी लड़ने हेतु समर्थ कर दिया है। सेटेलाइट क्रांति ने आज विश्व के राष्ट्रो के मध्य आकाश में भी विजय प्राप्त करने की और पृथ्वी का विकल्प खोजने की तैयारियां शुरू करदी जिससे हाइड्रोजन बम, परमाणु बम, रसायनिक हथियार और जैविक हथियारों से यदि प्रथ्वी पर मानव जाति का और पृथ्वी के जैब मंडल का विनाश हो तो पहले से ही तैयार सामर्थ्य वान मानव किसी अन्य ग्रह पर अपना जीवन शुरू कर सकें।",279,साइबर
बीज-लेखन,"बीज-लेखन या कूट-लेखन (क्रिप्टोग्राफ़ी या क्रिप्टोलोजी) यह किसी छुपी हुई सूचना (information) का अध्ययन करने की प्रक्रिया है। आधुनिक समय में, बीज-लेखन को गणित और कम्प्यूटर विज्ञान दोनों की एक शाखा माना जाता है। यह सूचना सिद्धांत, कंप्यूटर सुरक्षा और इंजीनियरिंग से बहुत निकट सम्बन्ध रखता है। तकनीकी रूप से उन्नत समाज में कूटलेखन के अनुप्रयोग कई रूपों में मौजूद हैं। उदाहरण के लिये - एटीएम कार्ड, कंप्यूटर पासवर्ड और इलेक्ट्रॉनिक वाणिज्य- ये सभी कूटलेखन पर निर्भर करते हैं।
क्रिप्टोलोजी  को मुख्यता दो भागो मैं बाटा गया है। क्रिप्टोग्राफी एवं क्रिप्टोएनालिसिस। इन प्रक्रियाओ के माध्यम से हम संदेशो एवं सूचनाओ को सुरक्षित तरीके से भेज एवं प्राप्त कर सकते हैं। अतः भेजने वाले के संदेशो को कूटित (एन्क्रिप्टेड) करना क्रिप्टोग्राफी कहलाता है। इस तकनीक का उपयोग करके हम सन्देश को इतना सुरक्षित करने का प्रयास करते हैं कि कोई बिचौलिया इस सन्देश को पढ़ न सके। संचार संदेशो की कमजोरी का विश्लेषण करना 'क्रिप्टोएनालिसिस' कहलाता है। 
द्वितीय विश्व युद्ध में सेना के उच्च स्तरीय जनरल स्टाफ के संदेशों को कूटबद्ध करने के लिए या उन्हें गुप्त भाषा में लिखने के लिए उच्चस्तरीय बीजलेखन का प्रयोग किया गया।",187,साइबर
यूनिसिस,"यूनिसिस कॉरपोरेशन (NYSE: UIS), सूचना प्रौद्योगिकी सेवाओं और कार्यक्रमों का एक वैश्विक प्रदाता है, जिसका मुख्यालय संयुक्त राज्य अमेरिका के पेंसिल्वेनिया के बेल ब्लू में है और, डेलावेयर में निगमित है।",31,साइबर
निजी जासूस (प्राइवेट डिटेक्टिव),"एक निजी जासूस एक निजी अन्वेषक, या पूछताछ एजेंट, एक व्यक्ति होता है, जिसे एक व्यक्ति या समूहों द्वारा जांच कानून सेवाओं के लिए रखा जा सकता है। निजी जांचकर्ता अक्सर आपराधिक और सिविल मामलों में वकीलों के लिए काम करते हैं।",42,साइबर
केविन मिटनिक,"केविन डेविड मिटनिक  (जन्म 6 अगस्त 1963) एक कंप्यूटर सुरक्षा सलाहकार और लेखक हैं। 20 वीं सदी के उत्तरार्ध में, उन्हें विभिन्न कंप्यूटर और संचार से संबंधित अपराधों का दोषी पाया गया। अपनी गिरफ्तारी के समय में, वह अमेरिका का सर्वाधिक वांछित कंप्यूटर अपराधी था।",45,साइबर
चंडीगढ़ पुलिस,"चंडीगढ़ पुलिस भारत में केंद्र शासित प्रदेश चंडीगढ़ के लिए कानून प्रवर्तन एजेंसी है। चंडीगढ़ पुलिस का मुख्यालय सेक्टर 9 डी, चंडीगढ़ में है। राज्य पुलिस का मुखिया चंडीगढ़ का पुलिस महानिदेशक होता है। चंडीगढ़ के वर्तमान डीजीपी श्री हैं। प्रवीर रंजन, एजीएमयूटी कैडर। पूरे भारत में अन्य सभी राज्यों और केंद्र शासित प्रदेशों की तुलना में चंडीगढ़ में सबसे अधिक पुलिस घनत्व है।  2015 के अनुसार [update]  प्रति 100 पर 5295.6 पुलिसकर्मी हैं चंडीगढ़ में किमी² क्षेत्र।",78,साइबर
आतंकवाद,"[[File:UA Flight 175 hits WTC south

tower 9-11 edit.jpeg|thumb|upright=1.35|यूनाइटेड एयरलाइंस की उड़ान 175 न्यूयॉर्क शहर में 11 सितम्बर 2001 के हमले के दौरान वर्ल्ड ट्रेड सेंटर के साउथ टॉवर से टकराती है]]

एक प्रकार की हिंसात्मक गतिविधि होती है।  अगर कोई व्यक्ति या कोई संगठन अपने आर्थिक, राजनीतिक एवं विचारात्मक लक्ष्यों की प्रतिपूर्ति के लिए देश या देश के नागरिकों की सुरक्षा को निशाना बनाए, तो उसे आतंकवाद कहते हैं । गैर-राज्यकारकों (अंग्रेजी: Non-state actors) द्वारा किये गए राजनीतिक एवं वैचारिक हिंसा भी आतंकवाद की ही श्रेणी में आती है। अब इसके तहत गैर-कानूनी हिंसा को भी आतंकवाद में शामिल कर लिया गया है। अगर इसी प्रकार की गतिविधि आपराधिक संगठन चलाने या उसे बढ़ावा देने के लिए की जाती है तो सामान्यतः उसे भी आतंकवाद माना जाता है। यद्यपि, इन सभी कार्यों को आतंकवाद का नाम दिया जा सकता है। कुछ मतों के अनुसार आतंकवाद पन्थ से नहीं जुडा है। यह सही है दुनिया के अधिकतर से देश आतंकवाद से ग्रस्त है।",163,साइबर
डीएलएफ़ यूनिवर्सल लिमिटेड,"डीएलएफ लिमिटेड (DLF Limited) या डीएलएफ (मूल रूप से जिसका नाम दिल्ली लैंड एण्ड फाइनेंस था), भारत की राजधानी नई दिल्ली में स्थित सबसे बड़ी भारतीय अचल संपत्ति विकासक (रीयल एस्टेट डेवेलपर) कंपनी है। डीएलएफ ग्रुप की स्थापना 1946 में रघुवेंद्र सिंह द्वारा की गई थी। डीएलएफ ने नई दिल्ली में शिवाजी पार्क (जो वास्तव में इसका पहला निर्माण था), राजौरी गार्डन, कृष्णा नगर, साउथ एक्सटेंशन, ग्रेटर कैलाश, कैलाश कॉलोनी और हौज़ खास जैसी आवासीय कॉलोनियों का विकास किया। 1957 में नई दिल्ली विकास अधिनियम के पारित होने के साथ स्थानीय सरकार ने दिल्ली में अचल संपत्ति के विकास को अपने हाथ में ले लिया और निजी अचल संपत्ति विकासक कंपनियों को ऐसा करने से प्रतिबंधित कर दिया।
परिणामस्वरूप डीएलएफ ने दिल्ली विकास प्राधिकरण के नियंत्रण क्षेत्र से बाहर और इससे सटे हरियाणा राज्य के गुड़गांव जिले में अपेक्षाकृत कम लागत वाली जमीन पर कब्ज़ा करना शुरू कर दिया। 1970 के दशक के मध्य में कंपनी ने गुड़गांव में डीएलएफ सिटी परियोजना को विकसित करना शुरू किया। इसकी आगामी योजनाओं में होटल, बुनियादी ढांचे और विशेष आर्थिक क्षेत्र संबंधी विकास परियोजनाएं शामिल हैं।
फ़िलहाल इस कंपनी का नेतृत्व बुलंद शहर के एक जाट और भारतीय अरबपति कुशल पाल सिंह द्वारा किया जा रहा है। फोर्ब्स की 2009 की सबसे अमीर अरबपतियों की सूची के अनुसार कुशल पाल सिंह अब दुनिया के 98वें सबसे अमीर व्यक्ति और दुनिया के सबसे अमीर संपत्ति विकासक हैं। जुलाई 2007 में कंपनी का 2 बिलियन अमेरिकी डॉलर वाला आईपीओ भारत का अब तक का सबसे बड़ा आईपीओ रहा है। जुलाई 2007 में डीएलएफ ने 30 जून 2007 को समाप्त होने वाले अपने पहले तिमाही परिणामों की घोषणा की। कंपनी ने 3,120.98 करोड़ रूपए के कारोबार और 1,515.48 करोड़ रूपए के पीएटी (PAT) की घोषणा की।",290,साइबर
तपन कुमार प्रधान,"तपन कुमार प्रधान (जन्म १९७२) ओड़िसा के एक कवि, लेखक तथा अनुवादक हैं ।  उनकी कविता संकलन कालाहांडी के लिए उन्हें साहित्य अकादमी स्वर्ण जयंती पुरस्कार से सम्मानित किया गया ।  उनकी अन्य रचनाओं में “हिसाब” (Equation), “मैं, वह और सागर” (I, She and the Sea), “वुद्ध की हँसी” (Buddha Smiled) ओर “शिव नृत्य” (Dance of Shiva) आदि शामिल हैं ।  गोपी कोट्टूर के साथ उन्होंने “पोएट्री चेन” पत्रिका स्थापना की थी।",72,साइबर
मैडम सर,"मैडम सर - कुछ बात है क्योंकि जज्बात है एक भारतीय हिंदी -भाषा की कॉमेडी एक्शन टेलीविजन धारावाहिक है, जिसका प्रीमियर 24 फरवरी 2020 को सोनी सब पर हुआ, डिजिटल रूप से सोनी लिव पर उपलब्ध है। जय प्रोडक्शन के तहत जय मेहता द्वारा निर्मित , इसमें गुल्की जोशी, युक्ति कपूर, सोनाली नाइक और भाविका शर्मा हैं।",57,साइबर
मिज़ोरम पुलिस,मिजोरम पुलिस बल भारत के मिजोरम राज्य की कानून प्रवर्तन एजेंसी है।,12,साइबर
सूचना संग्राम,"अपने विरोधी पर स्पर्धात्मक लाभ प्राप्त करने के लिये सूचना के सही प्रबन्धन करना सूचना संग्राम कहलाता है। सूचना के आज के युग में सूचना संग्राम में महारत होना बहुत महत्वपूर्ण हो गया है। सूचना संग्राम के अन्तर्गत रणोपयोगी सूचना का एकत्रीकरण, यह सुनिश्चित करना कि आपके पास संग्रहित सूचना सही है, दुस्प्रचार करना, गलत सूचना देना, ऐसी सूचना देना जिससे शत्रु पक्ष और उसकी जनता का मनोबल गिराया जा सके, योजनाबद्ध तरीके से विरोधी की सूचना में गलतियाँ मिश्रित करना, विरोधी को सूचना इकट्ठा करने में अवरोध खडे करना आदि आते हैं।",93,साइबर
पृथ्वी दिवस,"[Visit redcode.co.in right now in which you can learn coding for free!!]  पृथ्वी दिवस एक वार्षिक आयोजन है जिसे 22 अप्रैल को दुनिया भर में पर्यावरण संरक्षण के लिए आयोजित किया जाता है। इसकी स्थापना अमेरिकी सीनेटर जेराल्ड नेल्सन ने 1970 में एक पर्यावरण शिक्षा के रूप की थी। अब इसे 192 से अधिक देशों में प्रति वर्ष मनाया जाता है। यह तारीख उत्तरी गोलार्द्ध में वसन्त और दक्षिणी गोलार्द्ध में शरद का मौसम है।जब बार से चुनगी आते थे संयुक्त राष्ट्र में पृथ्वी दिवस को प्रत्येक वर्ष  मार्च विषुव  (वर्ष का वह समय जब दिन और रात बराबर होते हैं) पर मनाया जाता है, यह अक्सर 20 मार्च होता है, यह एक परम्परा है जिसकी स्थापना शान्ति कार्यकर्ता जॉन मक्कोनेल के द्वारा की गयी। यह पृथ्वी का बड़ा ही मनाया जाने वाला दिवस है।",135,साइबर
शापूरजी पालोनजी समूह,"शापूरजी पालोनजी समूह (एसपी ग्रुप) भारत में निर्माण, रियल एस्टेट, टेक्सटाइल, इंजीनियर के सामान, घरेलू उपकरण, शिपिंग, प्रकाशन, बिजली और जैव प्रौद्योगिकी के क्षेत्र में रुचि रखने वाला एक व्यापारिक समूह है। कंपनी का नेतृत्व 2012 तक संस्थापक पालोनजी मिस्त्री के पोते ने किया था, जिनका नाम भी पालोनजी मिस्त्री ही था। २०१२ मे उन्होंने सेवानिवृत्ति और अपने बेटे शापूर मिस्त्री के उत्तराधिकार की घोषणा की।
शापूरजी पालोनजी को ""भारत के सबसे मूल्यवान निजी उद्यमों में से एक"" माना जाता है। यूएस $ २.५ बिलियन मूल्य की शापूरजी पालोनजी समूह की दो सूचीबद्ध कंपनियाँ हैं, फोर्ब्स एंड कंपनी लिमिटेड (BSE: 502865), और गोकक टेक्सटाइल्स। शापूरजी पल्लोनजी द्वारा फोर्ब्स को खरीदने से पहले ही यह एक सूचीबद्ध कम्पनी थी, हालांकि 2006 में अटकलें थीं कि समूह की कंपनी एफकॉन इंफ्रास्ट्रक्चर आईपीओ के माध्यम से सार्वजनिक हो जाएगी।
कंपनी को मुंबई के फोर्ट बैंक के आसपास कुछ स्थलों के निर्माण के लिए जाना जाता है, जिसमें हांगकांग बैंक, ग्रिंडलेज़ बैंक, स्टैंडर्ड चार्टर्ड बैंक और भारतीय रिज़र्व बैंक भवन, बॉम्बे स्टॉक एक्सचेंज की इमारत और ताज इंटरकांटिनेंटल शामिल हैं। इनके अलावा, कंपनी ने 1971 में ओमान के सुल्तान के लिए एक पत्थर का महल बनाया था। 2008 के मुंबई हमलों के बाद, कंपनी ताज महल पैलेस एंड टॉवर की मरम्मत और नवीनीकरण में शामिल थी, जो हमले से गंभीर रूप से घायल हो गया था।अन्य उल्लेखनीय परियोजनाओं में मुंबई में द इंपीरियल, दुबई में जुमेराह लेक टॉवर्स और मॉरीशस में एबेने साइबर सिटी शामिल हैं। 2012 में, शापूर मिस्त्री ने घोषणा की कि समूह की योजना गहरे समुद्र में बंदरगाह, एक आईटी पार्क, जल विद्युत और पश्चिम बंगाल में गरीबों के लिए सड़कों और रैन बसेरों के निर्माण की है।
27 जनवरी 2016 को शापूरजी पालोनजी समूह ने अपना पहला किफायती आवास ब्रांड, Joyville Homes लॉन्च किया।",294,साइबर
चैटजीपीटी,"चैटजीपीटी (चैट जेनेरेटिव प्री-ट्रेंड ट्रांसफार्मर) ओपनएआइ द्वारा नवंबर 2022 में लॉन्च किया गया एक चैटबॉट है। इसे OpenAI के GPT-3 बड़े भाषा मॉडल के परिवार के शीर्ष पर बनाया गया है, और यह (शिक्षण स्थानांतरित करने के लिए एक दृष्टिकोण) पर्यवेक्षित और सुदृढ़ीकरण सीखने तकनीकों दोनों के लिए उपयुक्त है।
चैटजीपीटी को 30 नवंबर, 2022 को एक प्रोटोटाइप के रूप में लॉन्च किया गया था, और ज्ञान के कई क्षेत्रों में इसकी विस्तृत प्रतिक्रियाओं और स्पष्ट उत्तरों के लिए जल्दी से ध्यान आकर्षित किया।  इसकी असमान तथ्यात्मक सटीकता को एक महत्वपूर्ण कमी के रूप में पहचाना गया था।  चैटजीपीटी की रिलीज के बाद, ओपनएआई का मूल्य 29 अरब डॉलर आंका गया था। चैटजीपीटी एक बड़ा भाषा मॉडल है, जो OpenAI द्वारा ट्रेन किया गया है। यह एक AI सिस्टम है जो उपयोगकर्ताओं को संवाद करने की क्षमता रखता है। यह एक संगठित तरीके से तैयार किए गए जवाब प्रदान करता है और उपयोगकर्ताओं के सवालों का जवाब देने में सक्षम होता है 
आजकल, चैटजीपीटी का उपयोग विभिन्न क्षेत्रों में किया जा रहा है, जैसे कि संचार, उत्पादन, सेवाएं, नैतिकता आदि। इसे संचार के लिए उपयोग किया जाता है, जहां यह उत्तर तुरंत और सुविधाजनक ढंग से प्रदान करता है। इसके अलावा, यह उत्पादन और सेवाओं के फ़ीचर इनजीनियरिंग के लिए भी उपयोग किया जाता है।",215,साइबर
नरेन्द्र मोदी द्वारा किए गए अंतरराष्ट्रीय प्रधानमन्त्रीय यात्राओं की सूची,"2014 के आम चुनाव के बाद नरेन्द्र मोदी पहली बार भारत के प्रधान मंत्री बने। इसके बाद 2019 आम चुनाव में वे पुनः चुने गए। फ़रवरी 2025 तक, उन्होंने (6 महाद्वीपों पर) 52 विदेश यात्राएँ की हैं, और 59 देशों की यात्रा की है। इसमें संयुक्त राष्ट्र महासभा, और ऐक्ट ईस्ट पॉलिसी और नेबर्हुड फ़र्स्ट पॉलिसी के तहत की गईं यात्राएँ भी हैं।
 नरेन्द्र मोदी द्वारा की गयीं अन्तर्राष्ट्रीय प्रधानमन्त्रीय यात्राओं की सूची इस प्रकार है। मोदी जी",78,साइबर
माईस्पेस,"माईस्पेस एक सामाजिक नेटवर्किंग वेबसाइट है। इसका मुख्यालय बेवर्ली हिल्स, कैलिफोर्निया में है जहां यह अपने निकटतम मालिक न्यूज़ कॉर्प. डिजिटल मीडिया के साथ, जो न्यूज़ कॉर्पोरेशन के अधीन है, कार्यालय साझा करता है। माईस्पेस, जून 2006 में संयुक्त राज्य अमेरिका में सबसे लोकप्रिय सामाजिक नेटवर्किंग साइट बन गया। कॉमस्कोर के अनुसार, अद्वितीय आगंतुकों के मासिक आधार पर, माईस्पेस को अंतर्राष्ट्रीय स्तर पर इसके मुख्य प्रतिद्वंद्वी फ़ेसबुक ने अप्रैल 2008 में पीछे छोड़ दिया. जून 2009 में अपने 30% कर्मचारियों की छंटनी करने के बाद, अब माईस्पेस में 1000 कर्मचारी कार्यरत हैं, यह कंपनी न्यूज़ कॉर्पोरेशन से पृथक, अपने राजस्व या लाभ का खुलासा नहीं करती. सौवां मिलियन खाता 9 अगस्त 2006 को नीदरलैंड में खोला गया।",117,साइबर
गोरिल्ला युद्ध,"गुरिल्ला, यह एक युद्ध का एक प्रकार था । जो राजपूत शासनकाल और मुघल शासन काल में प्रचलित थी।  जो छापामार के अर्थ में प्रयुक्त होता है, स्पैनिश भाषा का है। स्पैनिश भाषा में इसका अर्थ लघुयुद्ध है। मोटे तौर पर छापामार युद्ध अर्धसैनिकों की टुकड़ियों अथवा अनियमित सैनिकों द्वारा शत्रुसेना के पीछे या पार्श्व में आक्रमण करके लड़े जाते हैं। वास्तविक युद्ध के अतिरिक्त छापामार अंतर्ध्वंस का कार्य और शत्रुदल में आतंक फैलाने का कार्य भी करते हैं। 
छापामारों को पहचानना कठिन है। इनकी कोई विशेष वेशभूषा नहीं होती। दिन के समय ये साधारण नागरिकों की भाँति रहते और रात को छिपकर आतंक फैलाते हैं। छापामार नियमित सेना को धोखा देकर विध्वंस कार्य करते हैं।",116,साइबर
सबसे आम पासवर्डों की सूची,"यह सबसे आम पासवर्डों की एक सूची है, जिसे विभिन्न डेटा उल्लंघनों (data breaches) में खोजा गया है। आम पासवर्ड आमतौर पर कमज़ोर माने जाते हैं।",26,साइबर
एस्केप प्लान,"एस्केप प्लान 2013 की एक अमेरिकी जेल एक्शन थ्रिलर फिल्म है जिसमें सिलवेस्टर स्टैलोन और अर्नोल्ड श्वार्ज़नेगर ने अभिनय किया है, और जिम कैविज़ेल, 50 सॅण्ट, विन्नी जोन्स, विंसेंट डी'ऑनफ्रियो और एमी रयान ने सह-अभिनय किया है।  यह स्वीडिश फिल्म निर्माता मिकैल हॉफ़स्टैम द्वारा निर्देशित किया गया था, और माइल्स चैपमैन और जेसन केलर द्वारा लिखित (अनाग्राम पेन-नाम 'अर्नेल जेसको' के तहत)।  सह-लीड के रूप में स्टैलोन और श्वार्ज़नेगर की जोड़ी वाली पहली फिल्म,  यह स्टेलोन के चरित्र रे ब्रेस्लिन का अनुसरण करती है, जो एक संरचनात्मक इंजीनियर है, जो दुनिया के सबसे गुप्त और सुरक्षित जेल में कैद है, साथी कैदी एमिल रॉटमायर ने उसके भागने में सहायता की श्वार्ज़नेगर द्वारा। फिल्म एस्केप प्लान (फिल्म श्रृंखला) की पहली किस्त है।
फिल्म को 18 अक्टूबर 2013 को संयुक्त राज्य में रिलीज़ किया गया था, मिश्रित समीक्षा मिली और दुनिया भर में $54 मिलियन के बजट के मुकाबले 137 मिलियन डॉलर की कमाई हुई।",153,साइबर
हैदराबाद मेट्रो,"हैदराबाद मेट्रो हैदराबाद के लिए एक रैपिड ट्रांज़िट (त्वरित यातायात) प्रणाली है। दिल्ली मेट्रो और नम्मा मेट्रो के बाद हैदराबाद मेट्रो 48 स्टेशनों के साथ, भारत का तीसरा सबसे लंबा परिचालन मेट्रो नेटवर्क है। यह सिक्वेल ऑपरेशनल मॉडल में है। इसे पूरी तरह से सार्वजनिक-निजी साझेदारी (पीपीपी) आधार पर लागू किया जा रहा है, जिसमें राज्य सरकार अल्पसंख्यक इक्विटी हिस्सेदारी रखती है। एक विशेष प्रयोजन वाहन कंपनी, L & T मेट्रो रेल हैदराबाद लिमिटेड (L & TMRHL) की स्थापना, निर्माण कंपनी L & T द्वारा हैदराबाद मेट्रो परियोजना को पब्लिक प्राइवेट पार्टनरशिप (PPP) मोड के तहत विकसित करने के लिए की गई थी। हैदराबाद मेट्रो दुनिया की सबसे बड़ी एलिवेटेड मेट्रो रेल प्रणाली है।
प्रधान मंत्री नरेंद्र मोदी द्वारा 28 नवंबर 2017 को मियापुर से नगोल तक 30 किमी की दूरी का उद्घाटन किया। पहले चरण के 30 किमी लंबे मार्ग पर 24 स्टेशन बनाए गए हैं। इसमें हैदराबाद के व्यस्ततम इलाके जैसे राजीव गांधी अंतर्राष्ट्रीय क्रिकेट स्टेडियम, उस्मानिया विश्वविद्यालय, सिकंदराबाद जंक्शन आदि आते हैं। 30 किमी की लंबी दूरी पर सार्वजनिक संचालन के लिए कोई अन्य तेजी से ट्रांजिट मेट्रो सेवा नहीं खोली गई। अमीरपेट -एलबी नगर मेट्रो रूट 24 सितंबर 2018 को खुला है। यह देश की सबसे बड़ी सार्वजनिक-निजी भागीदारी की परियोजना है और इसकी लागत करीब 15,000 करोड़ रुपए है। 2020 तक, लगभग 460,000 लोग प्रति दिन मेट्रो का उपयोग करते हैं। 66 किलोमीटर के क्षेत्र में बनने वाला यह प्रोजेक्ट तीन चरणों में पूरा हुआ।  पोस्ट-कोविड, 450,000 औसत दैनिक यात्री दिसंबर 2022 तक हैदराबाद मेट्रो में यात्रा कर रहे थे। फरवरी 2022 में, हैदराबाद मेट्रो अपने ट्रेन के डिब्बों के ओजोन-आधारित स्वच्छता की शुरुआत करने वाली भारत की पहली मेट्रो रेल बन गई। 3 जुलाई 2023 को, हैदराबाद मेट्रो रेल ने उस दिन 5.10 लाख यात्रियों की संख्या के साथ मील का पत्थर हासिल किया।",300,साइबर
हनीवेल,"हनीवेल इंटरनेशनल इंक एक अमेरिकी सार्वजनिक रूप से कारोबार करने वाला, बहुराष्ट्रीय समूह निगम है जिसका मुख्यालय चार्लोट, उत्तरी कैरोलिना में है। यह मुख्य रूप से व्यवसाय के चार क्षेत्रों में काम करता है: एयरोस्पेस, भवन निर्माण प्रौद्योगिकियाँ, प्रदर्शन सामग्री और प्रौद्योगिकियाँ (प्रदर्शन सामग्री और प्रौद्योगिकी), और सुरक्षा और उत्पादकता समाधान। हनीवेल एक फॉर्च्यून ५०० कंपनी है जो २०२३ में ११५वें स्थान पर है। २०२२ में निगम के पास लगभग ९७,००० कर्मचारियों का वैश्विक कार्यबल था जो २०१९ में १.१३ लाख से कम है। वर्तमान अध्यक्ष डेरियस एडमज़िक हैं और मुख्य कार्यकारी अधिकारी विमल कपूर हैं।
निगम का वर्तमान नाम, हनीवेल इंटरनेशनल इंक, १९९९ में हनीवेल इंक और एलाइडसिग्नल के विलय का एक उत्पाद है। निगम मुख्यालय को मॉरिसटाउन, न्यू जर्सी में एलाइडसिग्नल के मुख्यालय के साथ समेकित किया गया था; हालाँकि संयुक्त कंपनी ने पर्याप्त ब्रांड पहचान के कारण हनीवेल नाम चुना। हनीवेल १९९९ से २००८ तक डॉव जोन्स इंडस्ट्रियल एवरेज इंडेक्स का एक घटक था। १९९९ से पहले इसके कॉर्पोरेट पूर्ववर्तियों को १९२५ में शामिल किया गया था जिसमें कंप्यूटिंग और थर्मोस्टेट उद्योगों में शुरुआती प्रवेशकर्ता भी शामिल थे।
२०२० में हनीवेल डॉव जोन्स इंडस्ट्रियल एवरेज इंडेक्स में फिर से शामिल हो गया और अगले वर्ष अपनी स्टॉक लिस्टिंग को न्यूयॉर्क स्टॉक एक्सचेंज से नैस्डैक में स्थानांतरित कर दिया।",211,साइबर
विश्वयुद्ध,"प्रथम विश्वयुद्ध
द्वितीय विश्व युद्घ
विश्व युद्ध ,दुनिया के सबसे शक्तिशाली देशों में से ज्यादातर शामिल देशों द्वारा लड़े गए युद्ध हैं। अन्य युद्धों के विपरीत, विश्व युद्ध में लगभग सभी देश भाग लेते हैं और सभी लोगों पर प्रत्यक्ष या परोक्ष रूप से उनका असर पड़ता है। द्वितीय विश्वयुद्ध हिरोशिमा और नागासाकी पर परमाणु बम गिरने के पश्चात् समाप्त हो पाया था। इस कारण तभी से विश्व पर परमाणु युद्ध का संकट मंडराता रहा है। परमाणु युद्ध के इसी भय ने शीत युद्ध को परिभाषित किया।",87,साइबर
सैन्य प्रौद्योगिकी,सैन्य प्रौद्योगिकी (Military technology) एक वृहद क्षेत्र है जो उन सभी प्रणालियों एवं उपकरणों से सम्बन्धित है जो सेना के उपयोग के लिये हैं। यह सबसे पुरानी प्रौद्योगिकी है।,29,साइबर
सैन्य अभियान्त्रिकी,"सैन्य अभियान्त्रिकी (मिलिटरी इंजीनियरिंग) सैन्य विज्ञान के अन्तर्गत आने वाले सैनिक कार्यों के डिजाइन, निर्माण और रखरखाव को कहते हैं। इसमें अन्य कार्यों के अतिरिक्त आक्रामक, सुरक्षात्मक और लॉजिस्टिक संरचनाएँ - सभी आ जाती हैं। किन्तु अधिकांशतः इसमें किलेबन्दी और भूमिकार्य, पुलों का निर्माण और विध्वंस, बारूदी सुरंगें बिछाना और उन्हें नष्ट करना आदि आता है।",56,साइबर
संक्रिया विज्ञान,संक्रिया विज्ञान (Operations research ; ब्रितानी प्रयोग में Operational Research) ज्ञान का वह क्षेत्र है जो प्रगत वैश्लेषिक विधियों की सहायता से बेहतर निर्णय लेने में मदद करता है। प्रायः यह गणित का उपक्षेत्र माना जाता है। कभी-कभी 'प्रबन्धन विज्ञान' (management science) तथा 'निर्णय विज्ञान' (decision science) इसके आधुनिक लगने वाले पर्यायवाची की तरह प्रयुक्त होते हैं।,57,साइबर
तोपख़ाना,"तोपख़ाना या आर्टिलरी (artillery) किसी फ़ौज या युद्ध में सैनिकों के ऐसे गुट को बोलते हैं जिनके मुख्य हथियार प्रक्षेप्य प्रकृति के होते हैं, यानि जो शत्रु की तरफ़ विस्फोटक गोले या अन्य चीज़ें फेंकते हैं। पुराने ज़माने में तोपख़ानों का प्रयोग क़िले की दीवारों को तोड़कर आक्रामक फौजों को अन्दर ले जाना होता था लेकिन समय के साथ-साथ तोपें हलकी और अधिक शक्तिशाली होती चली गई और अब उन्हें युद्ध की बहुत सी स्थितियों में प्रयोग किया जाता है। आधुनिक युग में तोपख़ाने को ज़मीनी युद्ध का सबसे ख़तरनाक तत्व माना जाता है। प्रथम विश्वयुद्ध और द्वितीय विश्वयुद्ध दोनों में सब से अधिक सैनिकों की मृत्यु तोपख़ानों से ही हुई। १९४४ में सोवियेत तानाशाह जोसेफ़ स्टालिन ने एक भाषण में तोपख़ाने को 'युद्ध का भगवान' बताया।
आधुनिक युग की जंगों में हार-जीत में तोपख़ानों की इतनी बड़ी भूमिका रही है कि कुछ समीक्षकों के अनुसार '१६वीं सदी में तोपख़ाना ही औद्योगिक टेक्नोलॉजी की परम उपलब्धि थी' और कुछ अरसे के लिए 'तोपों का निर्माण मुख्य उद्योग था'। भारतीय उपमहाद्वीप के इतिहास में भी तोपख़ाने का बहुत प्रभाव रहा है। उदाहरण के लिए जब बाबर ने उज़्बेकिस्तान से आकर भारत पर आक्रमण किया तो वह पहला सैन्य नेता था जिसने उत्तर भारत में तोपख़ाने का प्रयोग किया। आरम्भ में यह बात उसकी जीत और मुग़ल साम्राज्य के स्थापित हो सकने की एक बड़ी वजह रही।",225,साइबर
लड़ाई,"लड़ाई शब्द से तात्पर्य आपस में लड़ने के भाव से होता है। यह दो या दो से अधिक व्यक्तियों, जानवरों, समूहों या देशों के बीच भी हो सकती है, किंतु आम तौर पर इसका संदर्भ सैन्य लड़ाई से होता है।",40,साइबर
लडाकू पतंगें,"सेनानी पतंगें  वे  पतंगें होती हैं जो  पतंग-लड़ाई  के खेल के लिए इस्तेमाल की जाती हैं। परंपरागत रूप से ज्यादातर  छोटे, अस्थिर सिंगल-लाइन फ्लैट पतंगें होती  हैं जहां लाइन के तनाव को अकेले नियंत्रण के लिए उपयोग किया जाता है, और अन्य पतंगों की स्ट्रिंग / लाइन को काटने के लिए एक अपघर्षक लाइन का उपयोग किया जाता है। 
पतंग की लड़ाई कई देशों में होती है, लेकिन विशेष रूप से अफगानिस्तान, बांग्लादेश, भारत, इंडोनेशिया, नेपाल, पाकिस्तान, वियतनाम, कोरिया, थाईलैंड और ब्राजील से जुड़ी हुई है।",86,साइबर
परमाणु युद्ध,जिस युद्ध में शत्रु को नुकसान पहुँचाने के लिये परमाणु हथियारों का उपयोग किया जाता है उसे परमाणु युद्ध या नाभिकीय युद्ध (atomic warfare या nuclear warfare) कहते हैं।,29,साइबर
इन्फेंट्री,"इन्फेंट्री या पैदल सेना सेना की एक सामान्य शाखा है जो पैरों पर सैन्य युद्ध में जुड़ी होती है। इस शाखा के सैनिक दुश्मन के साथ काफी करीब से लड़ते हैं इस कारण यह शाखा काफी फिजिकल फिटनेस की मांग करती है।
इन्फैंट्री अधिकांश देशों में सभी सशस्त्र बलों का एक बड़ा हिस्सा बनाती है, और आमतौर पर युद्ध में सबसे बड़ा खामियाजा भुगतना पड़ता है, जैसा कि हताहतों, वंचितों, या शारीरिक और मनोवैज्ञानिक तनाव से मापा जाता है।",79,साइबर
इलेक्ट्रॉनिक युद्ध,"इलेक्ट्रॉनिक युद्ध (electronic warfare (EW)) से तात्पर्य ऐसी कार्यवाही से है जिसमें विद्युत्चुम्बकीय स्पेक्ट्रम का उपयोग किया गया हो। इलेक्ट्रॉनिक युद्ध के अन्तर्गत दिष्ट ऊर्जा के द्वारा स्पेक्ट्रम का नियंत्रण, शत्रु पर आक्रमण करना, या स्पेक्ट्रम के माध्यम से किसी आक्रमण का प्रतिरोधित करना भी शामिल है। इलेक्ट्रॉनिक युद्ध का उद्देश्य विरोधी को विद्युतचुम्बकीय स्पेक्ट्रम के आसानी से उपयोग करने एवं उसके लाभों से वंचित रखना है। यह युद्ध हवा से, समुद्र से, थल से, या अंतरिक्ष से लड़ा जा सकता है। इसका लक्ष्य मानव, संचार व्यवस्था, राडार आदि होते हैं।",91,साइबर
सैनिक इतिहास,"सैन्य इतिहास (Military history), मानविकी की वह विधा है जो मानव इतिहास के सशस्त्र संघर्षों का लेखा-जोखा तथा उसका समाज, संस्कृति एवं अर्थव्यवस्था आदि पर प्रभाव का अध्ययन करता है।",30,साइबर
जैविक युद्ध,"Biological Warfare is dealing Biological threat.
जैविक युद्ध (Biological warfare) अथवा कीटाणु युद्ध (germ warfare) किसी युद्ध में किसी व्यक्ति, पशु अथवा पौधे को मारने के उद्देश्य से उसके उसमें जीवाणु, विषाणु अथवा फफूंद जैसे जैविक आविष अथवा संक्रमणकारी तत्वों का उपयोग करना कहलाता है।
परम्परागत अन्तरराष्ट्रीय मानवतावादी विधियों एवं कई अन्तरराष्ट्रीय सन्धियों द्वारा जैविक हथियारों का प्रयोग प्रतिबन्धित है सशस्त्र-संघर्ष के दौरान जैविक हथियारों का इस्तेमाल युद्ध-अपराध की श्रेणी में आता है।
प्रथागत अन्तरराष्ट्रीय मानवीय कानून और कई अन्तरराष्ट्रीय सन्धियों के तहत आक्रामक जैविक युद्ध निषिद्ध है।  विशेष रूप से, 1972 जैविक हथियार सम्मेलन  जैविक हथियारों के विकास, उत्पादन, अधिग्रहण, हस्तान्तरण, भण्डारण और उपयोग पर प्रतिबन्ध लगाता है।  इसलिए, सशस्त्र संघर्ष में जैविक एजेण्टों का उपयोग एक युद्ध अपराध है। इसके विपरीत, बीडब्ल्यूसी द्वारा रोगनिरोधी, सुरक्षात्मक या अन्य शान्तिपूर्ण उद्देश्यों के लिए रक्षात्मक जैविक अनुसन्धान निषिद्ध नहीं है।",139,साइबर
मनोवैज्ञानिक युद्ध,"मनोवैज्ञानिक युद्ध (psychological warfare (PSYWAR)) आधुनिक मनोवैज्ञानिक आपरेशनों के मूल हथियार हैं। इन्हें अन्य नामों (Psy Ops, Political Warfare, “Hearts and Minds,” and Propaganda आदि) से भी जाना जाता है। मनोवैज्ञानिक युद्ध के अन्तर्गत बहुत सी तकनीकों का प्रयोग किया जाता है। ये तकनीकें लक्षित जनसमुदाय के मूल्य तंत्र (value systems), विश्वासों (belief systems), आवेगों (emotions), वाहकों (motives), तर्क-वितर्क (reasoning) एवं व्यवहार आदि को प्रभावित करने के उद्देश्य से की जातीं हैं। मनोवैज्ञानिक युद्ध के लक्ष्य सरकारें, संगठन, समूह या व्यक्ति हो सकते हैं।",84,साइबर
निर्देश व नियंत्रण,"निर्देश व नियंत्रण (command and control या C2) किसी सैन्य व्यवस्था में एक ऊपर के अधिकारी या आधिकारिक समिति द्वारा अपने नीचे के बल, युद्ध-सामग्री और सैनिकों से सम्पर्क रखना, उन पर नियंत्रण रखना और उनकों सैन्य संगठन के ध्येयों को पूरा करने के लिये प्रयोग कर पाने की क्षमता और तंत्र प्रणाली को कहते हैं।",56,साइबर
समुद्री युद्ध,समुद्र या किसी विशाल जलराशि के भीतर और सतह पर किये जाने वाले युद्ध समुद्री युद्ध या नौसैनिक युद्ध (Naval warfare) कहलाते हैं।,23,साइबर
हथियारों का इतिहास,"हथियारों की समाज में अहम भूमिका रही है और हथियारों ने इतिहास को बदलने और उसे बनाने का काम किया है। उन्होने सभ्यताओं को नष्ट किया और बनाया। 
बारूद का आविष्कार चीन में हुआ और मध्य युग में यह यूरोप के रणक्षेत्रों में प्रयोग की जाने लगी। इससे सैन्यनीति में क्रांति आ गयी। प्रथम विश्वयुद्ध में पराजय के बाद जर्मन नये और उत्कृष्ट हथियार बनाने में जुट गये, जैसे जेट फाइटर आदि। द्वितीय विश्वयुद्ध ने तो हथियारों की दौड़ ही शुरू कर दी जिसकी परिणति परमाणु बम के विकास में हुई।
हथियारों का इतिहास प्रागैतिहासिक काल में बड़े ही सरल हथियारों के निर्माण से शुरु होता है। इसमें पत्थर के औजार, लकड़ी के भाले आदि थे। इसके बाद धनुष और वाण का प्रयोग हुआ।",124,साइबर
रासायनिक युद्ध,"रासायनिक युद्ध (Chemical warfare) का अर्थ है - किसी युद्ध में रासायनिक पदार्थों के विषैले गुणों का उपयोग करके जन-धन की हानि पहुँचाना। रासायनिक युद्ध, परमाणु युद्ध (या, नाभिकीय युद्ध) से अलग है। सैनिक भाषा में नाभिकीय युद्ध, जैविक युद्ध तथा रासायनिक युद्ध को सम्मिलित रूप से महासंहारक हथियार (weapons of mass destruction (WMD)) कहलाते हैं। 
रासायनिक युद्ध अपने उद्देश्य की प्राप्ति के लिये विस्फोटक बल पर निर्भर नहीं करता है बल्कि रसायनों के विषकारी घातक प्रभावों पर निर्भर है।",80,साइबर
सैन्य न्यायालय,"सैन्य न्यायालय (court-martial) सशस्त्र सेनाओं से सम्बन्धित व्यक्तियों द्वारा किये गये अपराधों के परीक्षण के लिये गठित न्यायालय होते हैं। इसके अतिरिक्त ये न्यायालय युद्धबन्दियों द्वारा किये गये युद्ध अपराधों का परीक्षण भी कर सकते हैं। 
- यह एक तरह की कोर्ट होती है। जो खास आर्मी कर्मचारियों के लिए होती है। इसका काम आर्मी में अनुशासन तोड़ने या अन्य अपराध करने वाले आर्मी मैन पर केस चलाना, उसकी सुनवाई करना और सजा सुनाना होता है। ये ट्रायल मिलिट्री लॉ के तहत होता है। इस लॉ में 70 तरह के क्राइम को लेकर सजा का प्रावधान है।ये न्यायालय उच्चतम न्यायालय के अधिकार क्षेत्र से बाहर है,अर्थात इसके फैसले की उच्चतम न्यायालय में  अपील नही की जा सकती है।",118,साइबर
युद्ध विधि,युद्ध विधि (law of war) एक कानूनी शब्द है जिसका सम्बन्ध युद्ध आरम्भ करने के स्वीकार्य कारणों (jus ad bellum) से से है और युद्ध के समय के आचरण की स्वीकार्य सीमा (jus in bello or International humanitarian law) से है।,41,साइबर
दुस्सूचना,"जानबूझकर पैलायी गयी गलत सूचना को दुस्सूचना (disinformation or misinformation) कहते हैं। इसका उपयोग मुख्यतः शत्रु को धोखा देने के लिये किया जाता है।
दुस्सूचना के कुछ रूप

गढे हुए (फोर्ज्ड) दस्तावेज, पाण्डुलिपियाँ, फोटोग्राफ आदि वितरित करना
अफवाह पैलाना
गढी हुई गुप्त सूचना (इन्टेलिजेन्स) फैलाना
सत्य सूचना को इस प्रकार बिगाड कर प्रसारित करना कि वह किसी काम की न रहे।",61,साइबर
घेरा,"घेरा (siege) का अर्थ है किसी नगर या दुर्ग को सैनिकों द्वारा घेरना ताकि इसको जीता जा सके। घेरा डालकर युद्ध करना एक प्रकार का लगातार चलने वाला किन्तु कम तीव्रता का युद्ध है जिसमें एक पक्ष रक्षात्मक रवैया अपनाते हुए किसी दुर्ग या दीवार के अन्दर 'मजबूत' स्थिति में होता है और दूसरा पक्ष उसे चारों ओर से घेरे रहता है ताकि बाहर से अन्दर कोई न जा पाये न ही अन्दर से कोई भाग निकलने में सफल हो। इस तरह की घेराबन्दी के द्वारा शत्रु की भोजन सामग्री, जलापूर्ति, एवं अन्य सभी सुविधाएँ रोक दी जातीं हैं। इसके अलावा 'घेरा इंजनों' (सीज इंजन), तोप, सुरंग आदि के द्वारा शत्रु पर प्रहार किया जाता है।",116,साइबर
सैन्य औद्योगिक संकुल,"सैन्य औद्योगिक संकुल (Military–industrial complex, या military–industrial–congressional complex) से आशय कानून-निर्माताओं, सेना तथा सेना को सपोर्ट करने के लिए निर्मित सैन्य-औद्योगिक आधार के आपसी सम्बन्ध और उससे सम्बन्धित नीति से है। यह शब्द प्रायः संयुक्त राज्य अमेरिका की सेना के पीछे काम करने वाली प्रणाली के लिए प्रयुक्त होता है। इस शब्द (सैन्य औद्योगिक संकुल)
का प्रयोग सबसे पहले अमेरिकी राष्ट्रपति इजोंहवो के द्वारा 1961 में अपने विदाई समारोह में किया था। तभी से यह प्रचलित हो गया है।",79,साइबर
समर-विद्या,"युद्ध में शत्रु से लड़ने एवं उसे पराजित करने के लिये सैनिक शक्ति को संगठित करना, हथियारों का समन्वय एवं उपयोग करने की तकनीक के विज्ञान एवं कला को सामरिकी या समर-विद्या या युद्ध-विद्या (Military tactics) कहते हैं।",38,साइबर
औद्योगिक युद्ध,"औद्योगिक युद्ध (Industrial warfare), युद्ध के इतिहास के उस काल को इंगित करता है जिसमें राष्ट्र-राज्यों का उदय हुआ जो बड़ी-बड़ी थलसेनाएँ, जलसेनाएं तथा वायुसेनाएँ बनाने और रखने में सक्षम थे। यह काल १९वीं शताब्दी के आरम्भिक दिनों में हुए औद्योगिक क्रांति से लेकर परमाणु युग के आरम्भ तक का काल है।",52,साइबर
सैन्य रणनीति,"रणक्षेत्र में वांछित लक्ष्यों को प्राप्त करने के लिये सैन्य संस्थानों द्वारा अपनायी गयी नीति सैन्य रणनीति (Military strategy) कहलाती है। 'स्ट्रेटेजी' शब्द ग्रीक शब्द 'strategos' से बना है। १८वीं शताब्दी में जब इस शब्द का उपयोग आरम्भ हुआ तब इसे 'सेनानायक की कला' (art of the general) या 'सैनिकों का विन्यास (arrangement) बनाने की कला' के रूप में संकुचित अर्थों में ही लिया जाता था। विस्तृत अर्थ में, सैन्य रणनीति के अन्तर्गत सैनिक अभियानों की योजना बनाना एवं उन्हें कार्यान्वित करना, सेना की गति एवं विन्यास (disposition), तथा शत्रु को धोखा देना आदि सब सम्मिलित हैं।",97,साइबर
सैनिक दावपेंचों की सूची,यहाँ सेना द्वारा प्रयोग किये जाने वाले दावपेंचों (टैक्टिक्स) की सूची दी गयी है।,14,साइबर
आर्थिक युद्ध,"आर्थिक युद्ध (economic warfare या economic war) की परिभाषा इस प्रकार की जाती है-

ऐसे उपाय करना जिसका मुख्य प्रभाव शत्रु की अर्थव्यवस्था पर पड़ता हो, जैसे आर्थिक नाकाबन्दी।",29,साइबर
सैन्य अभ्यास,"सैन्य अभ्यास (military exercise) या युद्ध क्रीडा(war game) में सैन्य कार्रवाई के लिए प्रशिक्षण देने के उद्देश्य से सैन्य संसाधनों का उपयोग किया जाता है। इसमें बिना वास्तविक युद्ध का समाना किए ही या तो युद्ध के प्रभावों का पता लगाया जाता है या रणनीतियों की परीक्षा की जाती है। इससे यह भी सुनिश्चित होता है कि सेना युद्ध के लिए तैयार है।

प्रमुख सैन्य अभ्यास
(१) वरुण-२०२१ सैन्य अभ्यास (भारत और फ्रांस ) के बीच होता है 
(२) इंद्रधनुष सैन्य अभ्यास - भारत और UK के बीच होता सूर्य किरण  भारत और नेपाल के बीच होता है",98,साइबर
परोक्ष युद्ध,"दो देशों या समूहों के बीच ऐसे स्ंघर्ष को परोक्ष युद्ध (proxy war/प्रॉक्सी वार) कहते हैं जिसमें दोनों में से कोई भी पक्ष सीधे दूसरे से संघर्ष न कर रहा हो बल्कि किसी तीसरी शक्ति का उपयोग करके दूसरे पक्ष को हानि पहुँचा रहा हो। द्वितीय विश्वयुद्ध के पश्चात विश्व में परोक्ष युद्ध काफी आम रहा है। इतना ही नहीं, २०वीं शताब्दी के उत्तरार्ध के अधिकांश संघर्ष, परोक्ष युद्ध ही थे।",71,साइबर
पूर्व आधुनिक युद्ध,पूर्व आधुनिक काल के युद्ध की प्रमुख विशेषता बारूद का अधिकाधिक उपयोग था। इसके साथ ही विस्फोटकों के उपयोग करने वाले अस्त्र जैसे बन्दूक तथा तोप आदि का भी विकास हो गया था। इस कारण इस युग को बारूदी युद्ध काल (age of gunpowder warfare) भी कहते हैं।,48,साइबर
खाई युद्ध,"खाई युद्ध (Trench warfare) स्थल-युद्ध का वह प्रकार है जिसमें अधिकांशतः खाई में छिपकर शत्रु पर हमला किया जाता है। यह युद्ध प्रथम विश्वयुद्ध के समय पश्चिमी मोर्चे पर खूब लड़ा गया था। खाई युद्ध की विशेषता है कि खाई में स्थित होने के कारण सैनिक, शत्रु के छोटे आग्नेयास्त्रों से बचे रहते हैं और बहुत सीमा तक आर्टिलरी से भी बचे रहते हैम।",64,साइबर
माउंटेन वॉरफेयर,"माउंटेन वॉरफेयर या पर्वत युद्ध पर्वतों या इसी तरह के किसी कठिन इलाके में युद्ध को संदर्भित करता है। इस तरह के युद्ध को अल्पाइन युद्ध भी कहा जाता है, एल्प्स पहाड़ों के कारण। पर्वत युद्ध सबसे खतरनाक युद्धों में से एक है, क्योंकि इसमें चरम मौसम और खतरनाक इलाके में जीवित रहने के अलावा दुश्मन से मुकाबला करना भी शामिल है।",62,साइबर
मनोबल,"मनोबल या 'हौसला' (Morale या esprit de corps) का अर्थ है - किसी समूह के सदस्यों की उस संगठन या उसके लक्ष्य के प्रति आस्था की दृढता।
मनोबल सीधे कार्य–निष्पादन को प्रभावित करता है। व्यक्ति चाहे स्वतन्त्र रूप से कार्य करे या संगठन में रहकर सामूहिक प्रयास करे, मनोबल एक निर्णायक भूमिका निभानेवाला तत्व सिद्ध होता है। मनोबल व्यक्ति की आंतरिक मानसिक शक्ति तथा आत्मविश्वास का पर्याय है। मनोबल का शब्दकोषीय अर्थ है – 'किसी विशिष्ट समय में व्यक्ति या समूह द्वारा प्रदर्शित आत्मविश्वास, उत्साह तथा दृढ़ता इत्यादि की मात्रा।'",90,साइबर
सैनिक सिद्धान्त,"सैनिक सिद्धान्त (Military doctrine) वे सिद्धान्त हैं जो अभियानों (campaigns), बड़ी कार्यवाइयों (ऑपरेशन्स), युद्धों एवं समाघात (engagements) के संचालन के तरीकों की विवेचना करते हैं।",25,साइबर
शस्त्र उद्योग,"शस्त्र उद्योग (arms industry) हथियार तथा सैन्य प्रौद्योगिकी के निर्माण और विक्रय का वैश्विक उद्योग है। इसमें सरकारी और निजी दोनों ही उद्योग शामिल हैं जो सैनिक सामान, औजार एवं सुविधाओं पर शोध करने, उनका विकास करने, उत्पादन करने और मरम्मत करने का कार्य करती है। शस्त्र उद्योग मुख्यतः विभिन्न देशों की सशस्त्र सेनाओं के लिए हथियार बनाती हैं। शस्त्र उत्पादों में शामिल हैं- बंदूक, गोला-बारूद, मिसाइल, सैनिक वायुयान, सैन्य गाडियां, जलयान, इलेक्ट्रोनिक सामान, एवं एनी बहुत से सामान. 
यह जाना माना तथ्य है कि आजकल विश्व भर में कुल लगभग डेढ़ ट्रिलियन डालर सैनिक साज सामान पर खर्च किये जा रहे हैं जो विश्व के कुल उत्पाद का 2.7% है।",111,साइबर
पाठ संदेश,"पाठ संदेशन, या पाठन का अभिप्राय एक नेटवर्क पर एक अचल लाइन फोन या मोबाइल फोन तथा अचल या सुवाह्य उपकरण के बीच संक्षिप्त लिखित संदेशों के आदान-प्रदान से है। जबकि मूल शब्द (नीचे देखें) रेडियो टोलीग्राफी से उत्पन्न लघु संदेश सेवा (एसएमएस (SMS)) का उपयोग करते हुए संदेशों के भेजे जाने की बात से व्युत्पन्न हुआ था, तब से छवि, वीडियो और ध्वनि सामग्री युक्त संदेशों को शामिल करने के लिए (एमएमएस (MMS) संदेशों के रूप में जाने जाते हैं) इसका विस्तार किया गया है। पाठ संदेश भेजने वाला प्रेषक (texter) के रूप में जाना जाता है, जबकि बोलचाल की भाषा में खुद इस सेवा के क्षेत्रों के आधार पर कई नाम हैं: उत्तरी अमेरिका, भारत, ऑस्ट्रेलिया, फिलीपीन्स और इंगलैंड में इसे मात्र पाठ (टेक्स्ट), अधिकतर यूरोप में एसएमएस (SMS) और मध्य पूर्व और एशिया में टीएमएस (TMS) या एसएमएस (SMS) कहा जाता है।
पाठ संदेशों का उपयोग मोबाइल फोन के लिए उत्पादों और सेवाओं के आदेश देने या प्रतियोगिताओं में भाग लेने जैसे स्वचालित तंत्रों के साथ परस्पर क्रिया करने में किया जा सकता है। विज्ञापनदाता और सेवा प्रदाता पाठ संदेशों का उपयोग मोबाइल फोन प्रयोक्ताओं को प्रोत्साहनों, भुगतान देय तिथियों तथा अन्य सूचनाएं जिन्हें सामान्यतः डाक से, ईमेल से या वॉयसमेल से भेजा जा सकता है, को भेजने में कर सकते हैं।
सीधी और संक्षिप्त परिभाषा में, फोन या मोबाइल फोन से पाठ संदेशन में अंग्रेजी वर्णमाला के 26 अक्षर तथा 10 अंक शामिल होने चाहिएं, अर्थात प्रेषक द्वारा प्रेषित या प्राप्तकर्ता द्वारा प्राप्त पाठ या अक्षरांकिक संदेश.",251,साइबर
पिनांग,"पिनांग 
मलेशिया का एक राज्य है जो मलक्का के जलडमरुमध्य के साथ प्रायद्वीपीय मलेशिया के पश्चिमोत्तर तट पर स्थित है।

क्षेत्र के हिसाब से पिनांग पेर्लिस के बाद मलेशिया का दूसरा सबसे छोटा और आठवां सबसे अधिक जनसंख्या वाला राज्य है। पिनांग के निवासी को बोलचाल की भाषा में पेननगाइट के रूप में जाना जाता है।",56,साइबर
मानेसर,मानेसर (Manesar) भारत के हरियाणा राज्य के गुरुग्राम ज़िले में स्थित एक नगर है।,14,साइबर
रणनीति,"किसी लक्ष्य की प्राप्ति के लिये बनायी गयी ""कार्ययोजना"" को सामान्य अर्थ में रणनीति (Strategy) कहते हैं। रणनीति मूलतः सैन्यविज्ञान से आया हुआ शब्द है, जिसका मतलब है - 'किसी लक्ष्य की प्राप्ति के लिये बनायी गयी कार्ययोजना'। अर्थात, अनिश्चय की स्थिति में, एक या अधिक लक्ष्यों की प्राप्ति के लिये, उच्च स्तर पर बनायी गयी योजना को रणनीति कहते हैं।
""रणनीतिक प्रबंध (strategic Managment)"" का आशय मुख्य रूप से दो कार्यो से होता हैं- एक कार्ययोजना का निर्धारण और दूसरा कम्पनी संसाधनों का प्रयोग कर कार्ययोजना को लागू करना।
ताकि कम्पनी के विकास, लाभदायकता, विस्तार तथा कम्पनी की सफलतापूर्वक उन्नति को सुनिश्चित किया जा सके।
रणनीतिक प्रबंध (strategic Managment) एक ऐसी प्रकिया हैं, जिसका ""नियोजन(Direction)"" उच्च प्रबंध द्वारा किया जाता हैं, जिसमें ""संगठन के उद्देश्यों एवं लक्ष्यों को"" निर्धारित किया जाता है
ताकि वे निर्णय दीर्घकालीन लक्ष्यों एवं उद्देश्यों को प्राप्त करने में सहायक हो सके एवं अल्पकाल में उनके लिए अनुकूल अवसर प्रदान कर सकें।",157,साइबर
संयुक्त राज्य समुद्री कोर,"संयुक्त राज्य समुद्री कोर (यूएसएमसी), जिसे संयुक्त राज्य मरीन के नाम से भी जाना जाता है, संयुक्त राज्य सशस्त्र बल की समुद्री भूमि बल सेवा शाखा है, जो संयुक्त अभियान और उभयचर (अम्फीबियस) ऑपरेशनों का संचालन करती है। इसके पास अपनी स्वयं की पैदल सेना, तोपखाना, वायु सेना और विशेष अभियान बल हैं। यूएस मरीन कॉर्प्स संयुक्त राज्य की आठ वर्दीधारी सेवाओं में से एक है।
मरीन कॉर्प्स 30 जून 1834 से संयुक्त राज्य नौसेना विभाग का हिस्सा है और इसकी सहयोगी सेवा, संयुक्त राज्य नौसेना के साथ जुड़ी हुई है। यूएसएमसी विश्वभर में भूमि पर और समुद्री उभयचर युद्धपोतों पर अपने ठिकानों का संचालन करती है। इसके अलावा, मरीन कॉर्प्स की कई सामरिक विमानन स्क्वाड्रन, विशेष रूप से मरीन फाइटर अटैक स्क्वाड्रन, नौसेना के वाहक वायु विंग्स में शामिल होती हैं और एयरक्राफ्ट कैरियर्स से संचालित होती हैं।
मरीन कॉर्प्स का इतिहास 10 नवंबर 1775 को फ़िलाडेल्फ़िया में दो बटालियन कॉन्टिनेंटल मरीन्स के गठन से शुरू हुआ, जो समुद्र और जमीन दोनों पर लड़ाई लड़ने में सक्षम एक पैदल सेना सेवा शाखा के रूप में बनाई गई थी। द्वितीय विश्वयुद्ध के प्रशांत क्षेत्र में, मरीन कॉर्प्स ने द्वीप-दर-द्वीप अभियान चलाते हुए बड़े पैमाने पर उभयचर युद्ध में अग्रणी भूमिका निभाई। 2022 तक, यूएसएमसी में लगभग 177,200 सक्रिय ड्यूटी सदस्य और लगभग 32,400 रिजर्व कर्मी हैं।",216,साइबर
लुमेन टेक्नोलॉजीज़,"लुमेन टेक्नोलॉजीज, इंक. (पूर्व में सेंचुरीलिंक) एक अमेरिकी दूरसंचार कंपनी है जिसका मुख्यालय मोनरो, लुइसियाना में है, जो संचार, नेटवर्क सेवाएँ, सुरक्षा, क्लाउड समाधान, आवाज और प्रबंधित सेवाएँ प्रदान करती है। कंपनी १९९९ से २0२३ तक फॉर्च्यून ५00 और एस एंड पी ५00 इंडेक्स की सदस्य थी  इसकी संचार सेवाओं में स्थानीय और लंबी दूरी की आवाज, ब्रॉडबैंड, मल्टी-प्रोटोकॉल लेबल स्विचिंग, निजी लाइन (विशेष पहुँच सहित), ईथरनेट, होस्टिंग (क्लाउड होस्टिंग और प्रबंधित होस्टिंग सहित), डेटा एकीकरण, वीडियो, नेटवर्क, सार्वजनिक शामिल हैं। एक्सेस, वॉयस ओवर इंटरनेट प्रोटोकॉल, सूचना प्रौद्योगिकी और अन्य सहायक सेवाएँ। लुमेन उत्तरी अमेरिका, लैटिन अमेरिका, यूरोप, मध्य पूर्व, अफ्रीका और एशिया प्रशांत क्षेत्र में वैश्विक उद्यम ग्राहकों को भी सेवा प्रदान करता है।",115,साइबर
क्रिस जेरिको,"क्रिस्टोफर कीथ इरविन (जन्म 9 नवम्बर 1970) जिन्हें उनके रिंग नाम क्रिस जेरिको द्वारा बेहतर जाना जाता है, अमेरिका में जन्मे कनाडाई पेशेवर पहलवान, टीवी और रंगमंच अभिनेता, लेखक, रेडियो प्रस्तोता, टीवी प्रस्तोता और रॉक संगीतकार हैं। वर्तमान में वे वर्ल्ड रेसलिंग इंटरटेनमेंट (डब्लूडब्लूई)(WWE) के साथ अनुबंधित हैं और उसके रॉ ब्रैंड पर कुश्ती लड़ते हैं। उन्हें वर्ल्ड चैम्पियनशिप रेसलिंग (डब्लूसीडब्लू)(WCW) और एक्सट्रीम चैम्पियनशिप रेसलिंग (इसीडब्लू)(ECW) पर अपनी प्रस्तुतियों के लिए और अंतरराष्ट्रीय स्तर पर कनाडाई, जापानी और मैक्सिकन विज्ञापनों के लिए जाना जाता है। उन्हें एबीसी के कार्यक्रम डाउनफौल के प्रस्तोता के रूप में भी जाना जाता है।
जेरिको ने अपने WWE कैरियर में 22 चैंपियनशिप जीती है और उन्हें WWE में पहला निर्विवाद चैंपियन होने का गौरव हासिल है। उन्होंने WWE इंटरकांटिनेंटल चैम्पियनशिप रिकॉर्ड नौ बार जीती है। वह छह बार के विश्व चैंपियन हैं और उन्होंने डब्लूसीडब्लू/वर्ल्ड चैम्पियनशिप को दो बार, WWF चैम्पियनशिप को एक बार और विश्व हैवीवेट चैम्पियनशिप को तीन बार जीता है। वे नौवें ट्रिपल क्राउन चैंपियन और चौथे ग्रैंड स्लैम चैंपियन हैं।",169,साइबर
लिनक्स मैलवेयर,"लिनक्स मैलवेयर में वायरस, ट्रोजन, वर्म्स और अन्य प्रकार के मैलवेयर शामिल हैं जो लिनक्स ऑपरेटिंग सिस्टम को प्रभावित करते हैं। लिनक्स, यूनिक्स और अन्य यूनिक्स जैसे कंप्यूटर ऑपरेटिंग सिस्टम को आमतौर पर बहुत अच्छी तरह से संरक्षित माना जाता है । 
२०१८ के रूप में वहाँ अभी तक एक भी बड़े पैमाने पर लिनक्स वायरस या प्रकार माइक्रोसॉफ्ट विंडोज पर आम है कि के मैलवेयर संक्रमण नहीं गया था, इस कारण है कि आम तौर पर करने के लिए मैलवेयर के रूट का उपयोग और सबसे लिनक्स कमजोरियों के लिए तेजी से अद्यतन की कमी है।",97,साइबर
चौधरी देवी लाल विश्वविद्यालय,"चौधरी देवी लाल विश्वविद्यालय, भारत के पूर्व उप-प्रधानमंत्री चौधरी देवी लाल, के नाम पर हरियाणा सरकार के द्वारा २ अप्रैल २००३ को स्थापित किया गया था। यह विश्वविद्यालय दिल्ली से २५६ किमी और चंडीगढ़ से २८५ किमी दूर बरनाला रोड, सिरसा  पर ६ एकड़ के एक विशाल परिसर में स्थित है। विश्वविद्यालय में १६ शैक्षणिक विभाग हैं, जिनमे की  छात्रों के लिए 21 भविष्य उन्मुख और विशेष पाठ्यक्रम हैं। यह विश्वविद्यालय नौकरी उन्मुख पाठ्यक्रम दूरस्थ शिक्षा के माध्यम से भी प्रदान करता है।",83,साइबर
भारत में नकली समाचार,"भारत में नकली समाचार देश में गलत सूचना या दुस्सूचना को संदर्भित करता है जो मौखिक और पारंपरिक मीडिया के माध्यम से और हाल ही में संचार के डिजिटल रूपों जैसे कि संपादित वीडियो, मीम्स, असत्यापित विज्ञापनों और सोशल मीडिया प्रचारित अफवाहों के माध्यम से फैलाया जाता है। देश में सोशल मीडिया के माध्यम से फैली झूठी खबरें एक गंभीर समस्या बन गई हैं, जिसके परिणामस्वरूप भीड़ की हिंसा होने की संभावना है, जैसा कि मामला था जहां २०१८ में सोशल मीडिया पर प्रसारित गलत सूचना के परिणामस्वरूप कम से कम २० लोग मारे गए थे।",96,साइबर
ओवरवॉच ऐनिमेटेड मीडिया,"ब्लिज़ार्ड एंटरटेनमेंट ने अपने 2016 के प्रथम-व्यक्ति शूटर वीडियो गेम, ओवरवॉच की कहानी को बढ़ावा देने और विकसित करने के लिए कई कंप्यूटर-जनित सिनेमाई ट्रेलर और टीज़र, साथ ही एनिमेटेड लघु फिल्में जारी कीं। शॉर्ट्स को प्रशंसकों और ऑनलाइन प्रकाशनों से समान रूप से सकारात्मक स्वागत मिला है।",48,साइबर
